Date,Open,High,Low,Close,Adj Close,No. of Shares
2019-01-01,805.0999755859375,813.9500122070312,770.2000122070312,773.5999755859375,737.484130859375,301612
2019-01-02,774.0,774.0,736.2000122070312,741.5,706.8827514648438,828311
2019-01-03,742.5999755859375,744.7000122070312,716.9000244140625,718.9500122070312,685.385498046875,834660
2019-01-04,721.0,728.7000122070312,713.0,726.1500244140625,692.2494506835938,389092
2019-01-07,734.4000244140625,736.0,724.0999755859375,729.5999755859375,695.538330078125,164858
2019-01-08,721.6500244140625,733.0,718.25,724.5499877929688,690.7239990234375,248687
2019-01-09,725.5999755859375,730.0,720.6500244140625,726.0999755859375,692.2017822265625,168360
2019-01-10,731.7000122070312,735.0,723.8499755859375,733.2999877929688,699.0654907226562,245393
2019-01-11,737.5,737.5,721.0999755859375,728.7000122070312,694.6803588867188,329895
2019-01-14,725.0,727.9500122070312,715.2000122070312,724.5,690.6763916015625,173779
2019-01-15,729.0,731.1500244140625,724.5,726.6500244140625,692.7261352539062,100213
2019-01-16,729.9500122070312,733.7999877929688,723.5,725.6500244140625,691.7727661132812,143941
2019-01-17,731.0,740.0999755859375,728.5999755859375,734.25,699.9712524414062,162295
2019-01-18,735.0499877929688,737.8499755859375,728.9000244140625,734.6500244140625,700.3525390625,144525
2019-01-21,743.0,743.0,728.0,730.5499877929688,696.4440307617188,121746
2019-01-22,725.5,725.75,705.0,708.0499877929688,674.9943237304688,439635
2019-01-23,709.0,709.75,692.75,696.4000244140625,663.8883056640625,384828
2019-01-24,702.5,702.5,686.6500244140625,696.75,664.221923828125,239217
2019-01-25,703.0,704.0,681.0,683.2000122070312,651.3045043945312,174793
2019-01-28,684.0,685.0,668.0999755859375,673.5499877929688,642.1050415039062,434175
2019-01-29,678.0,678.0,662.0,670.5499877929688,639.2451782226562,325283
2019-01-30,672.0,680.0,670.7999877929688,678.25,646.5856323242188,96243
2019-01-31,674.0,683.7999877929688,673.9500122070312,680.7999877929688,649.0165405273438,238157
2019-02-01,689.0,715.0,679.8499755859375,688.0999755859375,655.9757690429688,446307
2019-02-04,686.0999755859375,690.0,670.5499877929688,674.2999877929688,642.8200073242188,197583
2019-02-05,674.25,692.5499877929688,673.9000244140625,683.75,651.8287963867188,261844
2019-02-06,688.0,696.75,682.1500244140625,694.5499877929688,662.1245727539062,161170
2019-02-07,687.7000122070312,708.4500122070312,687.7000122070312,701.5499877929688,668.7977905273438,115783
2019-02-08,702.0,706.0,680.0,683.0,651.1138305664062,465974
2019-02-11,676.6500244140625,676.6500244140625,644.1500244140625,646.75,616.5562133789062,408628
2019-02-12,649.0,657.5499877929688,644.75,648.5999755859375,618.31982421875,302512
2019-02-14,642.0,645.0,632.4500122070312,634.25,604.6397705078125,344532
2019-02-15,636.0,639.0,619.0,627.7999877929688,598.4909057617188,594851
2019-02-18,630.0,630.0,615.75,623.6500244140625,594.53466796875,429842
2019-02-19,625.0,642.0,625.0,632.2000122070312,602.6854858398438,159051
2019-02-20,639.0,639.0,628.5,633.5,603.9248046875,118420
2019-02-21,639.0,639.0,625.0,633.3499755859375,603.7817993164062,296391
2019-02-22,634.5,648.0,632.2000122070312,646.0999755859375,615.9364624023438,217620
2019-02-25,651.7000122070312,654.0,642.5499877929688,650.8499755859375,620.4647827148438,158348
2019-02-26,648.7999877929688,654.75,640.5999755859375,649.8499755859375,619.511474609375,160842
2019-02-27,653.0,661.9000244140625,647.7999877929688,655.8499755859375,625.2312622070312,196161
2019-02-28,662.0,665.0,642.7999877929688,646.5499877929688,616.3655395507812,241535
2019-03-01,651.7000122070312,651.7999877929688,642.0,649.3499755859375,619.0347900390625,277323
2019-03-05,650.0,657.9500122070312,642.5,656.4500122070312,625.8032836914062,1414901
2019-03-06,660.5,664.9500122070312,654.5,659.5499877929688,628.7586059570312,167463
2019-03-07,663.9000244140625,677.0,655.0,670.8499755859375,639.5310668945312,818280
2019-03-08,675.9000244140625,679.75,667.25,669.9500122070312,638.673095703125,487916
2019-03-11,668.0,683.7000122070312,668.0,680.7999877929688,649.0165405273438,546849
2019-03-12,685.0,693.0499877929688,684.0,688.4000244140625,656.2617797851562,345596
2019-03-13,688.0,689.0,681.5,684.5,652.5438232421875,189472
2019-03-14,685.0,687.9000244140625,678.0,685.7000122070312,653.6878051757812,328039
2019-03-15,688.0,696.2000122070312,687.5499877929688,693.0999755859375,660.7423095703125,150506
2019-03-18,695.25,703.7999877929688,682.0,683.7999877929688,651.87646484375,139263
2019-03-19,687.7999877929688,692.7000122070312,675.2000122070312,689.5,657.3104248046875,91599
2019-03-20,691.7000122070312,693.9000244140625,675.2000122070312,679.9000244140625,648.1586303710938,272603
2019-03-22,680.0,684.0999755859375,670.0499877929688,678.6500244140625,646.9669799804688,142837
2019-03-25,679.0999755859375,679.0999755859375,662.0,664.2999877929688,633.2868041992188,175743
2019-03-26,665.9000244140625,672.7999877929688,661.5,669.2000122070312,637.9581298828125,124497
2019-03-27,675.0,675.0,660.1500244140625,661.5999755859375,630.7128295898438,219241
2019-03-28,660.0999755859375,663.2999877929688,653.5999755859375,656.9000244140625,626.2323608398438,503100
2019-04-01,679.0,688.9500122070312,658.75,660.6500244140625,629.8072509765625,1419440
2019-04-02,663.5,674.7999877929688,662.3499755859375,667.1500244140625,636.0038452148438,185926
2019-04-03,670.0,676.75,655.9000244140625,658.1500244140625,627.4239501953125,231626
2019-04-04,664.0,664.0,652.0999755859375,654.5499877929688,623.991943359375,283137
2019-04-05,659.9000244140625,663.8499755859375,654.0,658.0499877929688,627.32861328125,367831
2019-04-08,663.5,668.0,658.7999877929688,665.0999755859375,634.0494995117188,182515
2019-04-09,668.0,669.7999877929688,660.5999755859375,666.5999755859375,635.4794921875,113780
2019-04-10,670.2000122070312,674.5499877929688,663.0,668.2000122070312,637.0047607421875,151967
2019-04-11,666.1500244140625,679.2000122070312,666.1500244140625,672.1500244140625,640.7703857421875,145572
2019-04-12,674.7999877929688,679.0,667.8499755859375,677.4500122070312,645.8229370117188,113401
2019-04-15,678.0999755859375,685.0999755859375,673.5499877929688,682.25,650.39892578125,127658
2019-04-16,685.0,695.5,685.0,687.25,655.1654052734375,160668
2019-04-18,690.0,691.1500244140625,682.0,683.4000244140625,651.4951782226562,89026
2019-04-22,688.0,688.0,669.4500122070312,671.9500122070312,640.5797729492188,91092
2019-04-23,679.0,679.0,663.0,664.2999877929688,633.2868041992188,142266
2019-04-24,670.0,670.0,662.0999755859375,668.0,636.8140869140625,92114
2019-04-25,672.0,672.0,662.0,663.9500122070312,632.9532470703125,93408
2019-04-26,668.7999877929688,668.7999877929688,651.2999877929688,657.7000122070312,626.9950561523438,130829
2019-04-30,660.0,662.3499755859375,640.0,645.4500122070312,615.31689453125,280303
2019-05-02,646.8499755859375,660.25,635.5499877929688,644.5,614.4111938476562,156348
2019-05-03,653.0,653.0,643.2999877929688,646.5499877929688,616.3655395507812,105308
2019-05-06,645.0,645.0,635.1500244140625,638.5999755859375,608.7866821289062,88843
2019-05-07,641.5999755859375,643.1500244140625,634.5,636.0,606.30810546875,121404
2019-05-08,634.5999755859375,636.7999877929688,620.0499877929688,623.7000122070312,594.582275390625,67839
2019-05-09,620.0,628.0,616.5999755859375,625.7999877929688,596.5842895507812,73517
2019-05-10,627.0999755859375,631.7000122070312,619.5999755859375,629.3499755859375,599.9684448242188,158348
2019-05-13,630.0999755859375,630.0999755859375,613.5999755859375,618.5999755859375,589.7203979492188,169032
2019-05-14,618.0,620.2000122070312,610.5,616.0499877929688,587.2894897460938,293646
2019-05-15,618.0,628.9500122070312,607.75,610.6500244140625,582.1415405273438,250313
2019-05-16,611.0,612.6500244140625,598.0,606.7999877929688,578.4712524414062,234668
2019-05-17,609.0,623.0,607.75,621.25,592.2466430664062,371083
2019-05-20,631.0,662.8499755859375,631.0,654.25,623.7060546875,150757
2019-05-21,660.0,662.4000244140625,634.5,638.7999877929688,608.9774169921875,123654
2019-05-22,640.0,643.6500244140625,631.5,640.9500122070312,611.0269775390625,48779
2019-05-23,646.2999877929688,654.4000244140625,635.6500244140625,639.5,609.6447143554688,121548
2019-05-24,645.0,666.0,639.5,663.9000244140625,632.9055786132812,178192
2019-05-27,670.0,681.7999877929688,665.75,676.25,644.678955078125,141524
2019-05-28,681.7000122070312,682.3499755859375,667.5999755859375,670.5999755859375,639.292724609375,79769
2019-05-29,670.5,677.0,660.7999877929688,672.25,640.8657836914062,200586
2019-05-30,658.9000244140625,667.25,656.2000122070312,661.4500122070312,630.5699462890625,119167
2019-05-31,661.4500122070312,665.8499755859375,645.0999755859375,647.0999755859375,616.8897705078125,145378
2019-06-03,648.5,658.6500244140625,635.0999755859375,653.9000244140625,623.3724365234375,22212080
2019-06-04,656.7999877929688,659.5,647.9500122070312,650.7000122070312,620.3218383789062,63238
2019-06-06,651.0,656.5,631.4500122070312,634.5499877929688,604.9257202148438,95665
2019-06-07,637.0,645.2999877929688,630.2000122070312,644.0,613.9346923828125,91198
2019-06-10,644.0,649.2999877929688,638.0,647.1500244140625,616.9375610351562,78173
2019-06-11,647.2000122070312,647.2000122070312,636.5,638.2000122070312,608.4053344726562,69444
2019-06-12,635.0,638.5,629.6500244140625,632.5,602.971435546875,73901
2019-06-13,633.0,642.9000244140625,628.0999755859375,640.9000244140625,610.9793090820312,51501
2019-06-14,641.0,641.0,633.5,635.5499877929688,605.8790283203125,81725
2019-06-17,639.5,641.0,622.0999755859375,624.2000122070312,595.0589599609375,93901
2019-06-18,627.0,629.0999755859375,620.0,625.9500122070312,596.7272338867188,91402
2019-06-19,632.0,632.0,608.0,615.25,586.5267944335938,119997
2019-06-20,616.2999877929688,631.2999877929688,611.0499877929688,628.1500244140625,598.8245849609375,118631
2019-06-21,625.2000122070312,633.4500122070312,622.5,627.25,597.9666137695312,111867
2019-06-24,628.0499877929688,637.4500122070312,626.6500244140625,635.4500122070312,605.7837524414062,83762
2019-06-25,635.0,644.25,635.0,641.2999877929688,611.3606567382812,136804
2019-06-26,642.0,647.4000244140625,640.0,643.25,613.2196044921875,80625
2019-06-27,643.0999755859375,661.0499877929688,643.0999755859375,658.5,627.7576904296875,107767
2019-06-28,661.4500122070312,662.75,651.3499755859375,655.9000244140625,625.2789916992188,86902
2019-07-01,658.0,663.75,654.5999755859375,659.7999877929688,628.9969482421875,108068
2019-07-02,665.0,668.0,656.2999877929688,666.2999877929688,635.1934814453125,77348
2019-07-03,667.1500244140625,674.8499755859375,663.5999755859375,670.25,638.9591064453125,127171
2019-07-04,670.0999755859375,673.9500122070312,666.5,671.9000244140625,640.5320434570312,81520
2019-07-05,674.9000244140625,675.0,638.2000122070312,642.2999877929688,612.3139038085938,174292
2019-07-08,641.0,645.0,625.2000122070312,635.0999755859375,605.4501342773438,128933
2019-07-09,634.0,638.3499755859375,630.2000122070312,632.5,602.971435546875,70229
2019-07-10,631.0,634.7000122070312,619.2999877929688,621.2999877929688,592.2943115234375,91464
2019-07-11,622.0499877929688,635.4000244140625,622.0499877929688,633.6500244140625,604.0678100585938,87145
2019-07-12,633.6500244140625,637.0,628.6500244140625,631.7999877929688,602.3041381835938,41322
2019-07-15,632.0,637.5999755859375,626.0,631.6500244140625,602.1611938476562,45738
2019-07-16,627.9000244140625,627.9000244140625,619.0,623.0999755859375,594.0103759765625,81602
2019-07-17,624.0,626.0,615.3499755859375,617.9000244140625,589.0531616210938,72104
2019-07-18,615.0,616.1500244140625,595.0,597.4000244140625,577.4537963867188,179920
2019-07-19,605.9000244140625,605.9000244140625,570.0,571.3499755859375,552.2734985351562,456991
2019-07-22,573.7999877929688,576.4500122070312,560.0,564.7999877929688,545.9421997070312,130982
2019-07-23,566.0,568.25,556.0,561.4500122070312,542.7040405273438,133408
2019-07-24,559.5,559.5,546.0499877929688,549.8499755859375,531.4913940429688,108574
2019-07-25,552.0,553.0999755859375,542.0499877929688,547.9000244140625,529.6065063476562,101541
2019-07-26,547.7000122070312,566.8499755859375,545.25,564.7999877929688,545.9421997070312,154286
2019-07-29,565.9500122070312,565.9500122070312,552.0,553.0999755859375,534.6328125,63132
2019-07-30,550.0,560.7999877929688,547.3499755859375,548.75,530.4281005859375,224626
2019-07-31,549.0,553.7999877929688,541.6500244140625,550.25,531.8779907226562,87899
2019-08-01,549.4000244140625,551.4000244140625,538.9500122070312,547.6500244140625,529.3648071289062,79956
2019-08-02,547.5,563.7000122070312,542.2999877929688,556.4500122070312,537.8710327148438,142288
2019-08-05,555.0,555.0,542.7999877929688,546.1500244140625,527.9148559570312,123135
2019-08-06,547.0,552.0,544.1500244140625,549.2999877929688,530.959716796875,64558
2019-08-07,550.7999877929688,550.7999877929688,515.0999755859375,518.4500122070312,501.1397705078125,375989
2019-08-08,520.0,541.4000244140625,516.5499877929688,539.5,521.4869384765625,140552
2019-08-09,542.0,548.0499877929688,530.25,545.6500244140625,527.4317016601562,199407
2019-08-13,549.7999877929688,549.7999877929688,510.0,512.2999877929688,495.1950988769531,184081
2019-08-14,517.0,525.9500122070312,502.8500061035156,523.4000244140625,505.9245300292969,212199
2019-08-16,524.0,531.4000244140625,516.0,527.5999755859375,509.9842224121094,95944
2019-08-19,528.0,535.7999877929688,518.25,520.4000244140625,503.0246887207031,137753
2019-08-20,524.0499877929688,534.75,517.7999877929688,527.9000244140625,510.2742614746094,161262
2019-08-21,529.5,535.5,518.2999877929688,520.5999755859375,503.21795654296875,148305
2019-08-22,525.0,525.0,509.6499938964844,512.1500244140625,495.05010986328125,129819
2019-08-23,512.1500244140625,536.5,509.5,533.0999755859375,515.3005981445312,140782
2019-08-26,541.0,551.0,528.9500122070312,544.2999877929688,526.1266479492188,224705
2019-08-27,546.0,559.0,544.7999877929688,555.5499877929688,537.0010375976562,145937
2019-08-28,556.4000244140625,559.8499755859375,535.0499877929688,539.9000244140625,521.8736572265625,107110
2019-08-29,539.9000244140625,544.2000122070312,524.75,528.2000122070312,510.56427001953125,99502
2019-08-30,534.0,534.0,519.0999755859375,528.9000244140625,511.24090576171875,88183
2019-09-03,519.0,521.5999755859375,513.5,515.5499877929688,498.3365783691406,74076
2019-09-04,518.0,519.4500122070312,503.5,505.6499938964844,488.7671203613281,111787
2019-09-05,520.0,520.0,508.1499938964844,516.9500122070312,499.6898498535156,68749
2019-09-06,518.0,530.7000122070312,515.2999877929688,529.0499877929688,511.3858337402344,101019
2019-09-09,519.0,536.5,519.0,532.8499755859375,515.0589599609375,134121
2019-09-11,535.0,548.75,534.9000244140625,545.5499877929688,527.3348999023438,95782
2019-09-12,546.4000244140625,552.0,540.25,541.7999877929688,523.7100830078125,192161
2019-09-13,542.7000122070312,552.25,542.7000122070312,551.0999755859375,532.6995849609375,114582
2019-09-16,545.0,550.0,535.9000244140625,537.0499877929688,519.1187133789062,101423
2019-09-17,543.0,543.0,520.0,522.1500244140625,504.7162780761719,126220
2019-09-18,523.2999877929688,531.25,518.2999877929688,527.25,509.64599609375,221229
2019-09-19,530.0,530.0,513.2000122070312,519.2999877929688,501.9613342285156,142594
2019-09-20,524.1500244140625,573.0,519.0,568.7999877929688,549.80859375,594412
2019-09-23,573.5,601.9000244140625,551.9000244140625,565.0499877929688,546.1838989257812,428859
2019-09-24,565.5499877929688,575.3499755859375,554.4000244140625,558.3499755859375,539.70751953125,326898
2019-09-25,560.0999755859375,560.0999755859375,528.4000244140625,535.0,517.1371459960938,174408
2019-09-26,538.5999755859375,569.5499877929688,536.9000244140625,567.0999755859375,548.1653442382812,207734
2019-09-27,564.7999877929688,568.0,549.5499877929688,555.1500244140625,536.614501953125,149763
2019-09-30,565.0,565.0,540.5,547.25,528.9781494140625,130380
2019-10-01,553.0,566.0,537.0,556.5999755859375,538.0159301757812,837088
2019-10-03,560.0,564.8499755859375,547.0499877929688,562.6500244140625,543.864013671875,148852
2019-10-04,569.0,575.0999755859375,555.7000122070312,563.9000244140625,545.072265625,164551
2019-10-07,563.7000122070312,563.7000122070312,547.0,552.5999755859375,534.1495361328125,903477
2019-10-09,557.0,578.7999877929688,551.9500122070312,576.0999755859375,556.864990234375,435011
2019-10-10,578.0999755859375,578.0999755859375,559.7999877929688,566.5499877929688,547.6337890625,123325
2019-10-11,570.0,575.5,554.2999877929688,559.7999877929688,541.1090698242188,131650
2019-10-14,562.0,571.9500122070312,555.0,568.5,549.5186767578125,76083
2019-10-15,570.0,593.1500244140625,565.5,584.5999755859375,565.0810546875,511135
2019-10-16,585.0,587.0,575.5499877929688,584.0999755859375,564.5977783203125,143246
2019-10-17,583.7999877929688,596.2000122070312,578.75,593.1500244140625,573.3456420898438,107108
2019-10-18,589.75,595.25,584.0,592.7999877929688,573.0072631835938,96311
2019-10-22,595.0,600.8499755859375,587.0999755859375,597.5,577.5503540039062,129982
2019-10-23,595.0,599.7000122070312,587.0999755859375,591.7000122070312,571.944091796875,65481
2019-10-24,591.9000244140625,595.0,579.0,581.0499877929688,561.6495971679688,71435
2019-10-25,585.0,585.0,570.7999877929688,578.2000122070312,558.894775390625,67827
2019-10-27,584.0,595.4000244140625,580.4500122070312,591.25,571.5090942382812,71107
2019-10-29,594.0999755859375,617.7000122070312,593.5,611.0999755859375,590.6962280273438,195892
2019-10-30,612.0,618.0999755859375,605.0499877929688,616.7000122070312,596.109375,117525
2019-10-31,617.0,621.0,604.0,606.0999755859375,585.86328125,114972
2019-11-01,614.0,614.0,581.0,589.0499877929688,569.3825073242188,216197
2019-11-04,591.0,606.5,582.0999755859375,586.4500122070312,566.869384765625,96611
2019-11-05,592.0,592.0,577.0,580.0,560.634765625,89531
2019-11-06,590.0,590.0,577.2000122070312,579.2999877929688,559.9580688476562,129098
2019-11-07,580.0,583.25,572.3499755859375,580.4000244140625,561.0213623046875,134327
2019-11-08,580.0,596.4000244140625,577.0,580.0,560.634765625,328129
2019-11-11,580.3499755859375,586.9500122070312,570.2000122070312,574.9500122070312,555.7532348632812,118871
2019-11-13,575.0,580.7999877929688,572.1500244140625,574.7999877929688,555.6083374023438,71669
2019-11-14,575.0,580.0,567.75,578.5999755859375,559.281494140625,60591
2019-11-15,583.5,590.75,579.5499877929688,582.5499877929688,563.0995483398438,83905
2019-11-18,587.0,587.0,572.0,573.1500244140625,554.013427734375,59138
2019-11-19,573.1500244140625,575.4000244140625,559.7999877929688,560.5999755859375,541.8824462890625,100258
2019-11-20,561.0,568.5,557.25,560.4000244140625,541.6891479492188,102077
2019-11-21,563.0,563.0,550.4500122070312,551.5999755859375,533.1829223632812,105837
2019-11-22,556.5,556.7000122070312,539.4000244140625,545.9000244140625,527.6732177734375,101314
2019-11-25,549.0,552.75,546.5,547.75,529.46142578125,66437
2019-11-26,558.0,558.0,537.0,538.5999755859375,520.616943359375,80991
2019-11-27,544.0,554.4000244140625,535.25,539.7999877929688,521.7769165039062,211562
2019-11-28,540.1500244140625,543.4500122070312,536.5,541.5499877929688,523.468505859375,93344
2019-11-29,541.6500244140625,543.5499877929688,528.3499755859375,530.0499877929688,512.3524780273438,108607
2019-12-02,527.9500122070312,537.5,523.9500122070312,534.25,516.4122924804688,151637
2019-12-03,537.0,537.0,522.0499877929688,522.8499755859375,505.3927917480469,92590
2019-12-04,524.9000244140625,529.0,519.4500122070312,525.7999877929688,508.2442932128906,95643
2019-12-05,528.0,531.0,522.2000122070312,524.5999755859375,507.0843811035156,75601
2019-12-06,530.0,530.0,508.8500061035156,510.29998779296875,493.2618408203125,108458
2019-12-09,512.2000122070312,518.9000244140625,510.75,513.6500244140625,496.5000305175781,97399
2019-12-10,515.0,515.4000244140625,504.5,505.79998779296875,488.9121398925781,93371
2019-12-11,510.0,511.20001220703125,502.70001220703125,507.6499938964844,490.7003479003906,72083
2019-12-12,514.4000244140625,514.4000244140625,508.29998779296875,511.75,494.6634216308594,81260
2019-12-13,513.7000122070312,522.8499755859375,513.7000122070312,516.0,498.7715759277344,144323
2019-12-16,517.9000244140625,519.7000122070312,507.8999938964844,509.04998779296875,492.0535888671875,90225
2019-12-17,513.0,513.0,505.0,505.8500061035156,488.96044921875,105421
2019-12-18,507.8999938964844,524.75,506.6000061035156,522.9000244140625,505.44122314453125,282515
2019-12-19,523.0,538.2999877929688,523.0,535.0499877929688,517.185546875,271814
2019-12-20,534.0,539.2999877929688,528.3499755859375,530.7999877929688,513.0774536132812,132515
2019-12-23,530.9000244140625,535.9000244140625,524.5999755859375,525.9000244140625,508.3410339355469,99595
2019-12-24,527.5499877929688,532.5,526.2000122070312,527.3499755859375,509.7425842285156,88653
2019-12-26,531.0,536.25,527.25,528.4500122070312,510.80584716796875,115777
2019-12-27,532.0,532.2000122070312,525.2000122070312,530.0499877929688,512.3524780273438,89028
2019-12-30,532.9000244140625,538.7999877929688,531.6500244140625,536.5,518.587158203125,123258
2019-12-31,538.7999877929688,538.7999877929688,530.4000244140625,531.4500122070312,513.7057495117188,65928
2020-01-01,534.4000244140625,537.75,529.5999755859375,536.5999755859375,518.6836547851562,90459
2020-01-02,537.0,540.9500122070312,533.4500122070312,539.9000244140625,521.8736572265625,127766
2020-01-03,540.6500244140625,540.6500244140625,530.5,532.6500244140625,514.86572265625,79676
2020-01-06,533.0,533.0,520.7999877929688,524.2000122070312,506.69781494140625,128697
2020-01-07,529.0,532.0,523.3499755859375,526.6500244140625,509.0660095214844,100980
2020-01-08,523.5999755859375,526.2000122070312,519.0999755859375,524.5999755859375,507.0843811035156,103630
2020-01-09,530.0,542.2999877929688,528.0499877929688,541.0499877929688,522.985107421875,102585
2020-01-10,544.0,547.4000244140625,539.25,546.4500122070312,528.204833984375,88308
2020-01-13,549.7999877929688,557.0999755859375,546.6500244140625,555.0,536.4693603515625,71225
2020-01-14,555.5,563.25,554.9500122070312,562.5,543.718994140625,52854
2020-01-15,563.0,570.9000244140625,556.7000122070312,569.6500244140625,550.6301879882812,70375
2020-01-16,570.0,570.0,564.5,567.4000244140625,548.4553833007812,58201
2020-01-17,567.4000244140625,574.0499877929688,565.4500122070312,569.0,550.001953125,132767
2020-01-20,570.25,574.0,564.7999877929688,567.0999755859375,548.1653442382812,116865
2020-01-21,566.0,566.0,550.5,553.3499755859375,534.87451171875,84766
2020-01-22,553.5499877929688,556.4500122070312,549.2999877929688,554.0,535.5027465820312,54384
2020-01-23,551.1500244140625,567.4000244140625,549.7999877929688,566.5499877929688,547.6337890625,105039
2020-01-24,565.3499755859375,572.0,564.75,567.7999877929688,548.842041015625,80416
2020-01-27,560.0499877929688,582.5,560.0499877929688,578.2999877929688,558.991455078125,96867
2020-01-28,579.5,589.8499755859375,568.7000122070312,572.6500244140625,553.5301513671875,125435
2020-01-29,575.4000244140625,580.75,572.1500244140625,577.4500122070312,558.1698608398438,66074
2020-01-30,579.25,587.0,564.5,566.7999877929688,547.8753662109375,81327
2020-01-31,570.0499877929688,576.9000244140625,565.4000244140625,567.3499755859375,548.406982421875,41837
2020-02-03,547.4500122070312,565.7999877929688,535.2000122070312,558.9500122070312,540.2875366210938,108694
2020-02-04,562.2000122070312,578.7000122070312,558.7999877929688,576.5999755859375,557.3482055664062,90036
2020-02-05,582.0,589.7000122070312,577.25,584.4000244140625,564.8878173828125,88629
2020-02-06,589.5,589.5,576.3499755859375,580.0999755859375,560.7313232421875,61366
2020-02-07,580.0999755859375,581.25,561.5499877929688,568.7999877929688,549.80859375,94808
2020-02-10,567.7000122070312,567.7000122070312,526.0,528.0499877929688,510.4192199707031,259228
2020-02-11,536.0,537.2000122070312,522.8499755859375,524.4000244140625,506.8910827636719,177523
2020-02-12,526.0,534.0,524.2000122070312,530.9500122070312,513.2223510742188,101090
2020-02-13,532.0,537.75,528.5499877929688,533.25,515.445556640625,73280
2020-02-14,533.5999755859375,536.5499877929688,520.5999755859375,523.0499877929688,505.586181640625,96737
2020-02-17,529.0,529.0,516.2999877929688,522.7000122070312,505.2478332519531,64109
2020-02-18,522.0,524.8499755859375,514.2999877929688,523.25,505.7794494628906,52845
2020-02-19,526.5,529.8499755859375,522.0,526.0,508.43768310546875,53660
2020-02-20,526.0,532.9000244140625,523.25,524.75,507.2294616699219,437933
2020-02-24,521.0999755859375,521.0999755859375,511.3999938964844,513.0499877929688,495.9200439453125,60433
2020-02-25,515.0,519.2000122070312,506.1000061035156,509.70001220703125,492.6819152832031,90340
2020-02-26,506.0,512.7000122070312,500.3999938964844,503.5,486.68890380859375,72178
2020-02-27,508.0,508.0,487.75,493.3999938964844,476.9261474609375,171032
2020-02-28,488.8999938964844,488.8999938964844,453.79998779296875,456.3999938964844,441.1614990234375,237867
2020-03-02,456.0,472.3500061035156,444.6000061035156,458.70001220703125,443.384765625,311027
2020-03-03,462.5,470.6499938964844,455.75,464.1499938964844,448.6527404785156,95035
2020-03-04,467.0,476.75,457.5,474.54998779296875,458.70550537109375,139300
2020-03-05,474.0,482.25,469.1000061035156,479.25,463.24859619140625,70922
2020-03-06,450.1000061035156,473.54998779296875,450.1000061035156,470.95001220703125,455.2257385253906,87138
2020-03-09,459.0,465.70001220703125,441.0,463.1000061035156,447.6378173828125,151755
2020-03-11,463.0,469.70001220703125,450.0,452.54998779296875,437.4400329589844,330877
2020-03-12,431.54998779296875,435.70001220703125,400.0,423.79998779296875,409.6499938964844,252765
2020-03-13,409.70001220703125,450.0,371.25,428.95001220703125,414.6280212402344,260268
2020-03-16,422.0,427.0,389.0,391.75,378.6700744628906,122088
2020-03-17,391.75,407.6499938964844,370.0,374.5,361.99603271484375,204049
2020-03-18,376.45001220703125,380.8999938964844,342.20001220703125,346.8999938964844,335.3175354003906,198087
2020-03-19,334.0,334.0,302.1499938964844,314.70001220703125,304.1926574707031,367853
2020-03-20,315.04998779296875,327.25,308.25,322.95001220703125,312.1672058105469,265533
2020-03-23,304.0,304.0,275.0,293.70001220703125,283.8938293457031,186698
2020-03-24,294.0,308.20001220703125,264.5,269.25,260.2601623535156,222274
2020-03-25,270.0,288.3999938964844,245.8000030517578,277.75,268.47637939453125,188125
2020-03-26,294.0,299.54998779296875,270.54998779296875,287.5,277.90081787109375,303101
2020-03-27,299.6000061035156,304.8999938964844,281.0,295.6499938964844,285.7787170410156,251035
2020-03-30,290.0,292.5,270.0,273.6000061035156,264.46490478515625,208690
2020-03-31,285.0,287.25,277.95001220703125,285.0,275.48431396484375,269899
2020-04-01,284.0,284.0,265.54998779296875,272.6499938964844,263.5466003417969,242661
2020-04-03,275.0,290.0,271.45001220703125,280.8999938964844,271.5212097167969,359702
2020-04-07,291.04998779296875,323.1000061035156,291.04998779296875,321.45001220703125,310.71728515625,451556
2020-04-08,319.79998779296875,350.1499938964844,313.29998779296875,326.54998779296875,315.6470031738281,316254
2020-04-09,332.0,391.8500061035156,332.0,381.20001220703125,368.4723205566406,413016
2020-04-13,382.0,395.0,355.0,362.8999938964844,350.7833557128906,265489
2020-04-15,369.04998779296875,380.1000061035156,348.75,353.1499938964844,341.3588562011719,796865
2020-04-16,345.0,360.45001220703125,344.0,356.8500061035156,344.935302734375,167480
2020-04-17,375.0,375.0,355.79998779296875,363.20001220703125,351.0733337402344,298550
2020-04-20,368.0,369.0,354.0,355.75,343.8720397949219,142724
2020-04-21,350.0,350.0,323.3999938964844,332.1499938964844,321.05999755859375,254321
2020-04-22,329.1499938964844,345.6000061035156,320.54998779296875,340.3500061035156,328.9862365722656,205661
2020-04-23,340.3500061035156,349.25,331.6000061035156,347.54998779296875,335.94586181640625,379755
2020-04-24,344.79998779296875,344.79998779296875,332.0,334.25,323.0898742675781,156635
2020-04-27,338.1000061035156,343.1499938964844,328.3500061035156,330.5,319.4651184082031,148815
2020-04-28,339.0,339.0,328.70001220703125,335.54998779296875,324.34649658203125,129699
2020-04-29,338.0,351.70001220703125,336.1499938964844,348.04998779296875,336.42913818359375,205967
2020-04-30,354.79998779296875,368.1000061035156,354.79998779296875,366.6000061035156,354.35980224609375,210754
2020-05-04,351.1000061035156,362.54998779296875,341.1000061035156,356.8500061035156,344.935302734375,208671
2020-05-05,365.0,381.6499938964844,361.6000061035156,368.0,355.7130432128906,387639
2020-05-06,374.0,392.3500061035156,358.3500061035156,387.3999938964844,374.4653015136719,233087
2020-05-07,388.0,403.3500061035156,385.29998779296875,400.75,387.36956787109375,284041
2020-05-08,406.79998779296875,408.0,380.6499938964844,386.45001220703125,373.5470275878906,305660
2020-05-11,388.0,401.8500061035156,384.3999938964844,390.25,377.22015380859375,220978
2020-05-12,385.6000061035156,395.54998779296875,380.3999938964844,393.0,379.8783264160156,270966
2020-05-13,417.75,418.3999938964844,404.3999938964844,413.1499938964844,399.35552978515625,208222
2020-05-14,405.04998779296875,407.25,396.0,400.25,386.8862609863281,338952
2020-05-15,403.75,403.75,373.5,381.45001220703125,368.7139587402344,610080
2020-05-18,386.0,386.0,367.20001220703125,377.3500061035156,364.7508850097656,253252
2020-05-19,380.04998779296875,391.0,372.04998779296875,383.45001220703125,370.647216796875,166584
2020-05-20,385.0,413.79998779296875,380.5,406.1499938964844,392.5892639160156,313273
2020-05-21,401.0,412.0,398.3999938964844,408.3500061035156,394.7158203125,199183
2020-05-22,406.5,429.8999938964844,399.3999938964844,426.54998779296875,412.3081359863281,440115
2020-05-26,427.0,435.0,421.79998779296875,429.25,414.9179992675781,173883
2020-05-27,422.5,434.8999938964844,414.95001220703125,432.3999938964844,417.96282958984375,332026
2020-05-28,431.8999938964844,443.95001220703125,424.0,440.04998779296875,425.3573913574219,209121
2020-05-29,435.0,449.5,431.75,436.3999938964844,421.82928466796875,749993
2020-06-01,440.25,470.54998779296875,440.25,461.3999938964844,445.9945983886719,327124
2020-06-02,462.20001220703125,478.95001220703125,461.0,462.5,447.0578918457031,265480
2020-06-03,474.0,492.3500061035156,466.79998779296875,484.79998779296875,468.6132507324219,264812
2020-06-04,485.1000061035156,486.6499938964844,469.25,478.6499938964844,462.6685791015625,144954
2020-06-05,479.0,489.29998779296875,476.6499938964844,484.3500061035156,468.17828369140625,193468
2020-06-08,490.0,493.95001220703125,468.70001220703125,471.04998779296875,455.3223571777344,187161
2020-06-09,472.20001220703125,483.0,463.5,478.95001220703125,462.9586181640625,447484
2020-06-10,475.0,483.25,469.3999938964844,473.54998779296875,457.7388916015625,312027
2020-06-11,473.70001220703125,480.04998779296875,470.0,474.45001220703125,458.6088562011719,137049
2020-06-12,463.0,512.5,457.0,508.70001220703125,491.71533203125,589803
2020-06-15,506.0,520.7000122070312,499.0,508.3500061035156,491.3769836425781,407930
2020-06-16,515.3499755859375,518.9000244140625,501.54998779296875,506.54998779296875,489.6370544433594,237267
2020-06-17,506.0,506.0,492.8500061035156,497.20001220703125,480.5992736816406,185954
2020-06-18,498.8999938964844,508.8500061035156,492.1499938964844,506.75,489.8304138183594,153744
2020-06-22,503.0,503.0,494.3999938964844,498.54998779296875,481.9042053222656,121414
2020-06-23,504.79998779296875,519.8499755859375,497.8500061035156,516.0999755859375,498.8681945800781,168378
2020-06-24,520.2000122070312,527.4000244140625,513.0,515.25,498.0466003417969,272870
2020-06-25,505.6000061035156,516.4000244140625,503.54998779296875,507.04998779296875,490.1203918457031,119554
2020-06-26,513.2999877929688,514.5499877929688,499.0,501.6499938964844,484.90069580078125,192110
2020-06-29,495.0,510.79998779296875,493.6000061035156,507.5,490.5553894042969,228759
2020-06-30,508.0,515.2999877929688,507.29998779296875,510.70001220703125,493.6485595703125,217539
2020-07-01,511.04998779296875,521.0499877929688,494.5,499.54998779296875,482.87078857421875,339199
2020-07-02,506.0,531.9000244140625,505.54998779296875,529.75,512.0624389648438,633435
2020-07-06,535.0,572.75,534.5,570.5,551.451904296875,564748
2020-07-07,567.0,567.5,551.9000244140625,559.9000244140625,541.2058715820312,268461
2020-07-08,563.0,568.9000244140625,549.0,550.6500244140625,532.2646484375,135245
2020-07-09,555.0,564.5,548.6500244140625,560.5499877929688,541.8340454101562,195284
2020-07-10,555.5499877929688,568.5499877929688,551.7000122070312,554.7000122070312,536.179443359375,212433
2020-07-13,561.0,561.0,549.3499755859375,555.8499755859375,537.291015625,102566
2020-07-14,553.0,553.5499877929688,538.0,544.9000244140625,526.7066650390625,73008
2020-07-15,554.0,559.7999877929688,543.0,549.9500122070312,531.5880126953125,151852
2020-07-16,550.0,574.0,542.9500122070312,570.9000244140625,554.206787109375,319166
2020-07-17,572.25,591.0999755859375,565.9000244140625,589.0999755859375,571.87451171875,348221
2020-07-20,585.0499877929688,597.0,582.5,593.5499877929688,576.1943969726562,289847
2020-07-21,593.5499877929688,597.2999877929688,585.5999755859375,588.4500122070312,571.2435302734375,1682215
2020-07-22,588.5,612.0,582.0499877929688,591.7999877929688,574.49560546875,430451
2020-07-23,590.0,608.7999877929688,584.5,603.4500122070312,585.8049926757812,245685
2020-07-24,597.7000122070312,601.0,590.0499877929688,598.7000122070312,581.19384765625,131901
2020-07-27,599.0,609.0,588.1500244140625,594.0499877929688,576.6797485351562,115885
2020-07-28,591.5999755859375,624.9000244140625,589.4000244140625,620.4500122070312,602.3079223632812,286725
2020-07-29,620.0,624.75,600.5,604.5999755859375,586.9213256835938,180535
2020-07-30,608.0,611.1500244140625,596.4500122070312,597.8499755859375,580.3687133789062,128304
2020-07-31,598.0,611.0,592.4000244140625,606.5,588.7658081054688,82529
2020-08-03,613.7999877929688,620.3499755859375,595.3499755859375,597.4000244140625,579.931884765625,182835
2020-08-04,595.2999877929688,609.1500244140625,595.2999877929688,602.5499877929688,584.9312744140625,136670
2020-08-05,605.0,619.2000122070312,604.2000122070312,614.1500244140625,596.192138671875,111433
2020-08-06,617.0,617.9500122070312,605.5999755859375,609.5499877929688,591.7265625,109798
2020-08-07,609.0,616.0499877929688,599.0,600.5999755859375,583.0382690429688,197759
2020-08-10,600.5999755859375,640.5499877929688,600.5999755859375,629.1500244140625,610.7534790039062,591894
2020-08-11,632.25,640.5,622.5,629.25,610.8505859375,150139
2020-08-12,629.25,648.5499877929688,624.25,634.6500244140625,616.0926513671875,308228
2020-08-13,637.7999877929688,645.4000244140625,628.75,631.2999877929688,612.8406372070312,340605
2020-08-14,632.5,637.5,609.0999755859375,614.9000244140625,596.920166015625,160195
2020-08-17,626.3499755859375,631.5999755859375,614.0,623.4500122070312,605.2201538085938,159585
2020-08-18,627.0,632.2999877929688,618.7999877929688,622.0,603.8125610351562,179680
2020-08-19,628.75,631.7000122070312,622.1500244140625,623.7999877929688,605.5598754882812,68158
2020-08-20,621.0,622.9500122070312,610.0,611.9500122070312,594.056396484375,89371
2020-08-21,622.0,622.0,608.0999755859375,610.0499877929688,592.2119750976562,114635
2020-08-24,614.0,615.0,601.0499877929688,601.8499755859375,584.2516479492188,145537
2020-08-25,603.5,612.3499755859375,601.75,609.4000244140625,591.5809936523438,93031
2020-08-26,612.0,625.25,610.6500244140625,613.2000122070312,595.2698364257812,409907
2020-08-27,622.5,639.0,616.25,636.5,617.8886108398438,189429
2020-08-28,640.5,647.0,629.0999755859375,631.2000122070312,612.7435302734375,203096
2020-08-31,637.0,640.0,602.5999755859375,606.5,588.7658081054688,117308
2020-09-01,610.0,621.1500244140625,605.0,607.9000244140625,590.1249389648438,115038
2020-09-02,610.9000244140625,645.8499755859375,602.1500244140625,643.0,624.1985473632812,337161
2020-09-03,641.7000122070312,655.7999877929688,632.5,644.2999877929688,625.4605102539062,389190
2020-09-04,632.0,649.5999755859375,626.7000122070312,632.4000244140625,613.9085083007812,160729
2020-09-07,630.5,635.0,605.4500122070312,610.5499877929688,592.6973266601562,259897
2020-09-08,611.0,624.5,605.2000122070312,608.8499755859375,591.0469970703125,293323
2020-09-09,605.0999755859375,616.7000122070312,597.5499877929688,614.25,596.2891235351562,204160
2020-09-10,618.9500122070312,623.3499755859375,612.8499755859375,615.4500122070312,597.4541015625,124510
2020-09-11,616.0,621.7000122070312,612.0999755859375,613.75,595.8037109375,121865
2020-09-14,617.0,629.4000244140625,612.4500122070312,615.75,597.7453002929688,105568
2020-09-15,615.6500244140625,624.0,612.0999755859375,613.5999755859375,595.6581420898438,92510
2020-09-16,614.5499877929688,649.4500122070312,614.5499877929688,639.5999755859375,620.89794921875,620087
2020-09-17,632.0,643.4000244140625,628.2000122070312,637.1500244140625,618.51953125,163380
2020-09-18,637.0,659.0,634.5,654.4500122070312,635.3137817382812,392515
2020-09-21,658.0,666.3499755859375,615.5,622.3499755859375,604.1522216796875,381860
2020-09-22,620.0999755859375,627.3499755859375,602.25,615.8499755859375,597.84228515625,138678
2020-09-23,620.0,620.5999755859375,603.5,612.7999877929688,594.8815307617188,146010
2020-09-24,605.0,606.0,566.0,573.75,556.973388671875,266750
2020-09-25,584.0,595.4500122070312,576.9000244140625,592.7000122070312,575.3692016601562,142130
2020-09-28,595.5999755859375,617.8499755859375,593.2999877929688,615.0499877929688,597.0657348632812,215896
2020-09-29,613.9000244140625,626.25,603.1500244140625,613.0,595.07568359375,182881
2020-09-30,614.2000122070312,623.0,605.5,607.6500244140625,589.8822021484375,416079
2020-10-01,612.9500122070312,621.6500244140625,608.3499755859375,609.7000122070312,591.8721923828125,84024
2020-10-05,612.0,618.0,597.3499755859375,607.0,589.2510986328125,173012
2020-10-06,610.0999755859375,633.0,608.9000244140625,627.2000122070312,608.8604736328125,338726
2020-10-07,627.5,636.5999755859375,625.4500122070312,631.2999877929688,612.8406372070312,368968
2020-10-08,635.8499755859375,641.0,628.0,634.0499877929688,615.5101318359375,93060
2020-10-09,635.0,647.4500122070312,628.5499877929688,633.3499755859375,614.8306274414062,147087
2020-10-12,635.5,639.2000122070312,630.5,634.0499877929688,615.5101318359375,99518
2020-10-13,635.0,641.7999877929688,624.5,628.1500244140625,609.7827758789062,61983
2020-10-14,627.4500122070312,627.7000122070312,616.4500122070312,623.8499755859375,605.6084594726562,266208
2020-10-15,623.25,632.9500122070312,614.1500244140625,617.0499877929688,599.00732421875,357485
2020-10-16,615.0999755859375,623.7000122070312,602.1500244140625,606.4500122070312,588.7171630859375,172349
2020-10-19,608.2999877929688,614.2999877929688,595.5,597.4000244140625,579.931884765625,66704
2020-10-20,599.0,608.9500122070312,591.0999755859375,602.25,584.6400756835938,92738
2020-10-21,608.0,611.0499877929688,592.2000122070312,600.4000244140625,582.8441772460938,151401
2020-10-22,600.4000244140625,606.5,594.4000244140625,605.0499877929688,587.358154296875,279357
2020-10-23,607.9500122070312,627.5,605.0999755859375,625.0499877929688,606.7733764648438,306553
2020-10-26,625.0499877929688,625.2999877929688,594.7000122070312,596.75,579.3008422851562,119820
2020-10-27,599.9000244140625,604.9500122070312,593.5499877929688,596.9500122070312,579.4950561523438,105383
2020-10-28,599.0,613.0,594.2999877929688,603.9500122070312,586.2903442382812,419273
2020-10-29,600.0,603.7999877929688,590.5,591.8499755859375,574.5440673828125,125635
2020-10-30,593.0,601.4000244140625,587.2999877929688,593.8499755859375,576.485595703125,96761
2020-11-02,596.0,599.5,590.0,595.8499755859375,578.4271240234375,77127
2020-11-03,596.0,605.2999877929688,593.7000122070312,595.6500244140625,578.2330932617188,96463
2020-11-04,599.7999877929688,603.6500244140625,592.2000122070312,596.75,579.3008422851562,87604
2020-11-05,606.7999877929688,607.0,600.0,602.5,584.8827514648438,80113
2020-11-06,603.9500122070312,619.2000122070312,602.0,613.0,595.07568359375,280940
2020-11-09,620.0,622.5499877929688,610.2000122070312,616.3499755859375,598.3276977539062,125204
2020-11-10,620.0,627.4000244140625,610.6500244140625,619.6500244140625,601.5313720703125,424113
2020-11-11,622.0,644.4500122070312,622.0,633.25,614.7335815429688,232815
2020-11-12,629.5,654.2999877929688,629.5,632.5499877929688,614.0540771484375,261531
2020-11-13,633.0499877929688,638.2000122070312,627.9500122070312,629.6500244140625,611.2388916015625,673818
2020-11-14,631.0499877929688,633.4000244140625,630.0,631.2999877929688,612.8406372070312,11247
2020-11-17,636.25,645.9000244140625,633.4500122070312,637.0499877929688,618.4225463867188,358088
2020-11-18,641.0,709.7999877929688,637.7000122070312,705.5999755859375,684.9679565429688,1257238
2020-11-19,700.0,728.0,692.75,703.7999877929688,683.2206420898438,688384
2020-11-20,705.0,718.0,697.3499755859375,716.0,695.0639038085938,347762
2020-11-23,715.0,720.0,699.2999877929688,705.25,684.6282958984375,138095
2020-11-24,707.0,745.0,707.0,729.75,708.4118041992188,726527
2020-11-25,730.4500122070312,733.0,716.2999877929688,719.7000122070312,698.6558227539062,247769
2020-11-26,719.75,736.5999755859375,719.75,729.0,707.683837890625,301653
2020-11-27,739.9000244140625,742.4000244140625,712.0,720.0499877929688,698.9955444335938,211483
2020-12-01,736.5999755859375,736.5999755859375,708.1500244140625,734.7999877929688,713.314208984375,157074
2020-12-02,733.3499755859375,757.8499755859375,730.9000244140625,753.4000244140625,731.370361328125,286906
2020-12-03,753.0,756.2999877929688,744.0,745.7999877929688,723.99267578125,339699
2020-12-04,752.5,763.9500122070312,743.25,750.4500122070312,728.5066528320312,257930
2020-12-07,753.0,755.7000122070312,744.2999877929688,752.25,730.2540283203125,156394
2020-12-08,752.0,764.0999755859375,744.0,753.9500122070312,731.904296875,319844
2020-12-09,757.9000244140625,762.7999877929688,750.5,754.8499755859375,732.7779541015625,86937
2020-12-10,747.9500122070312,754.6500244140625,730.8499755859375,736.0,714.4791259765625,110344
2020-12-11,744.0,746.5,722.4500122070312,727.3499755859375,706.0820922851562,188125
2020-12-14,730.0,737.0,709.75,711.0999755859375,690.3071899414062,159133
2020-12-15,715.0,719.7999877929688,701.2999877929688,718.25,697.2481689453125,261576
2020-12-16,735.0,745.5499877929688,726.75,731.8499755859375,710.4505004882812,488078
2020-12-17,747.0,747.0,726.0,730.0499877929688,708.703125,149990
2020-12-18,731.7999877929688,737.8499755859375,723.0,732.0499877929688,710.6446533203125,147327
2020-12-21,730.0,730.0,660.0,686.2000122070312,666.1353149414062,334161
2020-12-22,687.5499877929688,699.4500122070312,667.0999755859375,695.0499877929688,674.7265014648438,268152
2020-12-23,693.0,714.3499755859375,689.0,711.3499755859375,690.5499267578125,185338
2020-12-24,712.0,722.0999755859375,700.2000122070312,711.2999877929688,690.5014038085938,101832
2020-12-28,712.6500244140625,718.8499755859375,707.4000244140625,711.5999755859375,690.7926025390625,284941
2020-12-29,711.5999755859375,716.9500122070312,704.2999877929688,707.0,686.3270874023438,184214
2020-12-30,710.0,724.0,704.9000244140625,720.6500244140625,699.5780029296875,118123
