Date,Open Price,High Price,Low Price,Close Price,WAP,No.of Shares,No. of Trades,Total Turnover (Rs.),Deliverable Quantity,% Deli. Qty to Traded Qty,Spread High-Low,Spread Close-Open
31-December-2018,13.60,13.64,13.11,13.24,13.403843456305232150,7129,45,95556.00,6044,84.78,0.53,-0.36
28-December-2018,12.80,13.64,12.80,13.56,13.386516461444415334,11451,61,153289.00,8461,73.89,0.84,0.76
27-December-2018,12.80,13.75,12.62,13.24,13.210501758667719474,27862,147,368071.00,23302,83.63,1.13,0.44
26-December-2018,12.08,12.89,12.08,12.88,12.642145840025698682,6226,23,78710.00,5070,81.43,0.81,0.80
24-December-2018,12.60,12.75,12.35,12.39,12.422315536892621475,1667,22,20708.00,1513,90.76,0.40,-0.21
21-December-2018,13.30,13.39,12.44,12.54,12.789729494184292561,29833,76,381556.00,22146,74.23,0.95,-0.76
20-December-2018,13.41,13.49,12.70,13.18,12.898850332243434236,28443,55,366882.00,22531,79.21,0.79,-0.23
19-December-2018,13.49,13.49,13.00,13.13,13.152502312198129688,9731,44,127987.00,7692,79.05,0.49,-0.36
18-December-2018,13.25,14.20,12.99,13.18,13.228759654702407996,4402,27,58233.00,4066,92.37,1.21,-0.07
17-December-2018,12.95,13.50,12.95,13.23,13.232038318254390633,5637,29,74589.00,4628,82.10,0.55,0.28
14-December-2018,13.30,13.50,13.00,13.39,13.149715623954499832,5978,27,78609.00,5719,95.67,0.50,0.09
13-December-2018,13.06,13.51,13.06,13.32,13.366588875923765071,5142,34,68731.00,4844,94.20,0.45,0.26
12-December-2018,12.24,13.62,12.24,13.42,13.193832473565708097,35087,108,462932.00,29160,83.11,1.38,1.18
11-December-2018,12.45,12.90,12.07,12.39,12.363101903695408734,3572,34,44161.00,2964,82.98,0.83,-0.06
10-December-2018,12.35,12.85,12.35,12.45,12.468632033075678590,5563,22,69363.00,5098,91.64,0.50,0.10
7-December-2018,12.50,13.29,12.45,12.74,12.886884165430878233,12138,43,156421.00,9958,82.04,0.84,0.24
6-December-2018,12.33,12.89,12.20,12.33,12.545251811930867868,5381,17,67506.00,3561,66.18,0.69,0.00
5-December-2018,13.75,13.75,12.54,12.64,12.744452049585519811,65745,81,837884.00,62994,95.82,1.21,-1.11
4-December-2018,13.10,13.50,13.05,13.15,13.174531386224934612,18352,113,241779.00,13818,75.29,0.45,0.05
3-December-2018,12.96,13.35,12.86,13.28,13.130007222623479082,17999,110,236327.00,12462,69.24,0.49,0.32
30-November-2018,12.33,12.95,12.27,12.95,12.844306591566448470,26276,50,337497.00,23197,88.28,0.68,0.62
29-November-2018,12.27,12.50,12.27,12.34,12.358450233800935203,7485,18,92503.00,7485,100.00,0.23,0.07
28-November-2018,13.00,13.38,12.27,12.38,12.454561086750924254,58155,79,724295.00,46035,79.16,1.11,-0.62
27-November-2018,12.59,13.00,12.59,12.91,12.892861961948454999,7411,26,95549.00,7311,98.65,0.41,0.32
26-November-2018,12.98,13.15,12.72,12.84,12.855106841014192313,50168,45,644915.00,49227,98.12,0.43,-0.14
22-November-2018,12.60,13.35,12.60,12.75,12.794491091542084783,9766,44,124951.00,9666,98.98,0.75,0.15
21-November-2018,13.50,13.50,12.90,13.14,13.085554348734230094,23938,46,313242.00,20683,86.40,0.60,-0.36
20-November-2018,13.53,13.88,13.31,13.48,13.609003726101032313,32742,125,445586.00,32542,99.39,0.57,-0.05
19-November-2018,13.26,13.98,13.00,13.75,13.520836834145521761,83314,109,1126475.00,77208,92.67,0.98,0.49
16-November-2018,13.06,13.76,13.06,13.62,13.645492009247160518,9949,51,135759.00,8653,86.97,0.70,0.56
15-November-2018,13.31,13.79,13.11,13.62,13.517217898832684824,10280,62,138957.00,7872,76.58,0.68,0.31
14-November-2018,13.58,13.70,13.51,13.67,13.666443338437978560,41792,146,571148.00,39370,94.20,0.19,0.09
13-November-2018,12.50,13.18,12.31,13.05,12.846752019247293349,23276,99,299021.00,19595,84.19,0.87,0.55
12-November-2018,12.50,13.00,12.22,12.57,12.524022123009262344,15007,67,187948.00,9809,65.36,0.78,0.07
9-November-2018,11.65,12.72,11.65,12.50,12.653449834287435974,16595,57,209984.00,14984,90.29,1.07,0.85
7-November-2018,12.12,12.12,11.90,12.12,12.105890944498539435,8216,28,99462.00,7191,87.52,0.22,0.00
6-November-2018,11.90,12.05,11.50,11.55,11.645588678109003312,6642,41,77350.00,6397,96.31,0.55,-0.35
5-November-2018,11.45,11.99,11.44,11.91,11.814425337127304218,8083,35,95496.00,6029,74.59,0.55,0.46
2-November-2018,11.21,11.79,11.21,11.79,11.734608013745401678,45397,136,532716.00,42429,93.46,0.58,0.58
1-November-2018,11.10,11.46,11.10,11.23,11.379290939786156443,24878,62,283094.00,24465,98.34,0.36,0.13
31-October-2018,10.50,10.92,10.50,10.92,10.852393066319588238,16903,66,183438.00,16603,98.23,0.42,0.42
30-October-2018,10.05,10.44,10.05,10.40,10.330988522769344687,8103,31,83712.00,7657,94.50,0.39,0.35
29-October-2018,9.96,9.99,9.57,9.99,9.932965186074429771,20825,59,206854.00,19925,95.68,0.42,0.03
26-October-2018,9.11,9.77,9.04,9.52,9.079805444372869333,138161,166,1254475.00,79255,57.36,0.73,0.41
25-October-2018,9.89,10.00,9.49,9.51,9.524337714933858475,143707,131,1368714.00,136017,94.65,0.51,-0.38
24-October-2018,10.90,10.94,9.95,9.98,10.087546662093891387,75811,200,764747.00,60910,80.34,0.99,-0.92
23-October-2018,11.18,11.18,10.45,10.47,10.481884394855106152,32265,64,338198.00,29815,92.41,0.73,-0.71
22-October-2018,11.10,11.80,11.00,11.00,11.081919675221110627,20691,71,229296.00,19380,93.66,0.80,-0.10
19-October-2018,10.80,11.78,10.79,11.57,11.469205350118017309,31775,66,364434.00,23811,74.94,0.99,0.77
17-October-2018,11.42,11.95,11.08,11.23,11.428707034372501998,20016,56,228757.00,16724,83.55,0.87,-0.19
16-October-2018,11.30,11.75,11.00,11.66,11.510406397195749808,18258,74,210157.00,15399,84.34,0.75,0.36
15-October-2018,11.00,11.48,11.00,11.26,11.227492516693529818,4343,24,48761.00,4275,98.43,0.48,0.26
12-October-2018,10.87,11.48,10.87,11.15,11.222491197183098591,22720,54,254975.00,19106,84.09,0.61,0.28
11-October-2018,11.00,11.39,10.76,11.14,11.015828350334154062,39802,56,438452.00,36291,91.18,0.63,0.14
10-October-2018,11.90,11.90,11.00,11.24,11.323038548752834467,22050,71,249673.00,18230,82.68,0.90,-0.66
9-October-2018,11.55,11.85,11.30,11.36,11.498070145997650612,5959,29,68517.00,4429,74.32,0.55,-0.19
8-October-2018,12.24,12.24,11.25,11.51,11.475959373592835342,19987,41,229370.00,17762,88.87,0.99,-0.73
5-October-2018,11.90,11.90,11.40,11.74,11.665467874680130022,14459,36,168671.00,12259,84.78,0.50,-0.16
4-October-2018,11.25,11.90,11.25,11.38,11.537992901163714704,56629,70,653385.00,31821,56.19,0.65,0.13
3-October-2018,11.40,11.90,11.00,11.78,11.725655140331834392,25796,54,302475.00,21610,83.77,0.90,0.38
1-October-2018,11.40,11.75,11.31,11.34,11.380702841794857346,53241,91,605920.00,38822,72.92,0.44,-0.06
28-September-2018,12.48,12.84,11.86,11.90,12.140783898305084745,37760,68,458436.00,29546,78.25,0.98,-0.58
27-September-2018,12.23,13.00,12.17,12.48,12.498990162225552153,15349,48,191847.00,12093,78.79,0.83,0.25
26-September-2018,12.85,12.88,12.31,12.47,12.765510646905225993,27191,29,347107.00,27166,99.91,0.57,-0.38
25-September-2018,13.39,13.39,12.51,12.56,12.647319566124322069,38352,71,485050.00,36501,95.17,0.88,-0.83
24-September-2018,13.55,13.55,13.15,13.16,13.213260404005324998,34554,69,456571.00,26094,75.52,0.40,-0.39
21-September-2018,14.80,14.80,13.81,13.84,14.061822668908043921,55918,88,786309.00,44308,79.24,0.99,-0.96
19-September-2018,15.00,15.00,14.06,14.53,14.620924069593271114,17358,59,253790.00,15620,89.99,0.94,-0.47
18-September-2018,15.50,15.50,14.27,14.39,14.586272689768976897,38784,91,565714.00,35347,91.14,1.23,-1.11
17-September-2018,15.04,15.30,14.77,15.00,15.002644539874323701,41217,61,618364.00,41083,99.67,0.53,-0.04
14-September-2018,15.80,15.89,15.00,15.04,15.291311008973517181,18276,103,279464.00,12611,69.00,0.89,-0.76
12-September-2018,16.00,16.00,15.30,15.45,15.452134046501473638,36644,61,566228.00,32999,90.05,0.70,-0.55
11-September-2018,15.60,16.00,15.07,15.56,15.512099223759703003,59260,143,919247.00,37162,62.71,0.93,-0.04
10-September-2018,16.70,16.70,15.60,15.81,15.828157237485068954,18418,100,291523.00,10616,57.64,1.10,-0.89
7-September-2018,16.50,16.60,15.60,15.98,16.015567375229340795,53959,168,864184.00,43363,80.36,1.00,-0.52
6-September-2018,16.25,16.25,15.52,16.17,15.987795516144699117,63829,165,1020485.00,48118,75.39,0.73,-0.08
5-September-2018,16.00,16.45,15.13,15.86,15.568327713427108170,141758,187,2206935.00,77190,54.45,1.32,-0.14
4-September-2018,17.28,17.28,15.65,15.89,16.289138736843258762,182511,396,2972947.00,103277,56.59,1.63,-1.39
3-September-2018,15.90,16.47,15.90,16.47,16.323097377786045150,327929,459,5352817.00,257476,78.52,0.57,0.57
31-August-2018,13.62,14.98,13.07,14.98,14.724970169253285243,258961,380,3813193.00,225028,86.90,1.91,1.36
30-August-2018,13.40,13.86,11.55,13.62,13.003706749759640445,86329,159,1122597.00,61681,71.45,2.31,0.22
29-August-2018,12.85,13.04,12.50,12.60,12.752978785236849752,17205,67,219415.00,12454,72.39,0.54,-0.25
28-August-2018,13.69,13.69,12.35,12.74,12.783465691595726446,35006,72,447498.00,28489,81.38,1.34,-0.95
27-August-2018,13.08,13.74,12.93,13.01,13.111792019869337508,37042,101,485687.00,33865,91.42,0.81,-0.07
24-August-2018,13.90,13.90,13.10,13.24,13.418475932009712898,28004,74,375771.00,24214,86.47,0.80,-0.66
23-August-2018,14.05,14.05,13.00,13.69,13.187526337968815844,54579,98,719762.00,46478,85.16,1.05,-0.36
21-August-2018,13.75,14.20,13.35,13.93,13.697372077329204874,50382,90,690101.00,39579,78.56,0.85,0.18
20-August-2018,14.25,14.25,13.41,13.49,13.748299768900627269,15145,44,208218.00,13143,86.78,0.84,-0.76
17-August-2018,14.25,14.40,13.80,14.10,14.154653410660038663,7242,42,102508.00,6341,87.56,0.60,-0.15
16-August-2018,13.20,14.47,13.20,14.12,14.035278602044180679,33363,116,468259.00,28711,86.06,1.27,0.92
14-August-2018,13.60,14.00,13.30,13.88,13.745048667743996392,26609,67,365742.00,22349,83.99,0.70,0.28
13-August-2018,13.20,13.53,13.12,13.27,13.305585098738106872,34789,56,462888.00,31769,91.32,0.41,0.07
10-August-2018,13.81,13.99,13.50,13.58,13.728435285493198664,12277,52,168544.00,10587,86.23,0.49,-0.23
9-August-2018,13.51,14.25,13.31,14.07,14.022895025631003743,66521,903,932817.00,54244,81.54,0.94,0.56
8-August-2018,13.11,14.38,13.11,13.83,13.970257822924288727,46466,641,649142.00,40370,86.88,1.27,0.72
7-August-2018,13.50,14.25,13.50,13.60,13.772498406628425748,31380,297,432181.00,23700,75.53,0.75,0.10
6-August-2018,12.61,13.65,12.51,13.52,13.209685272126586680,57510,87,759689.00,55311,96.18,1.14,0.91
3-August-2018,12.61,13.05,12.30,13.03,12.865012120512524529,43315,71,557248.00,42065,97.11,0.75,0.42
2-August-2018,12.54,12.80,12.50,12.56,12.553016928029909647,9629,37,120873.00,9129,94.81,0.30,0.02
1-August-2018,12.83,12.88,12.55,12.61,12.750647039792947266,12364,25,157649.00,11901,96.26,0.33,-0.22
31-July-2018,12.77,12.96,12.50,12.52,12.580721649484536082,58200,70,732198.00,55545,95.44,0.46,-0.25
30-July-2018,12.70,13.29,12.69,12.80,12.873981865683110496,45549,69,586397.00,39775,87.32,0.60,0.10
27-July-2018,12.72,12.99,12.71,12.76,12.747072599531615925,12810,31,163290.00,11710,91.41,0.28,0.04
26-July-2018,12.80,13.00,12.56,12.70,12.783996102551610742,16421,36,209926.00,12911,78.62,0.44,-0.10
25-July-2018,13.20,13.20,12.62,12.95,12.900006157256326580,16241,27,209509.00,15841,97.54,0.58,-0.25
24-July-2018,12.37,13.04,12.37,12.76,12.717189151109545614,28390,48,361041.00,23674,83.39,0.67,0.39
23-July-2018,12.00,12.70,12.00,12.70,12.419035451932290003,6262,20,77768.00,6262,100.00,0.70,0.70
20-July-2018,12.50,12.75,12.47,12.57,12.559086515224746254,33104,25,415756.00,33104,100.00,0.28,0.07
19-July-2018,12.42,12.94,12.42,12.69,12.633967001434720229,11152,66,140894.00,11152,100.00,0.52,0.27
18-July-2018,12.39,12.75,12.39,12.60,12.636005830903790087,27440,28,346732.00,27440,100.00,0.36,0.21
17-July-2018,12.95,12.95,12.40,12.60,12.542370370370370370,13500,24,169322.00,13500,100.00,0.55,-0.35
16-July-2018,12.35,12.91,12.30,12.56,12.566453351296732906,14845,26,186549.00,14845,100.00,0.61,0.21
13-July-2018,12.61,13.00,12.53,12.70,12.806873843474474801,36748,46,470627.00,36748,100.00,0.47,0.09
12-July-2018,12.44,13.49,12.44,13.01,12.980995934959349593,9840,40,127733.00,9840,100.00,1.05,0.57
11-July-2018,13.05,13.83,12.95,13.00,13.070209653827401267,8204,22,107228.00,8204,100.00,0.88,-0.05
10-July-2018,13.11,13.85,12.80,13.36,13.185745570376269161,10046,36,132464.00,10046,100.00,1.05,0.25
9-July-2018,13.23,13.87,13.23,13.34,13.468279569892473118,24180,44,325663.00,24180,100.00,0.64,0.11
6-July-2018,13.60,13.65,13.00,13.23,13.337103811260647752,43319,51,577750.00,43319,100.00,0.65,-0.37
5-July-2018,14.00,14.39,13.26,13.57,13.832658757850662944,7165,35,99111.00,7165,100.00,1.13,-0.43
4-July-2018,13.75,14.27,13.33,13.76,13.965630788228030458,19436,47,271436.00,19436,100.00,0.94,0.01
3-July-2018,13.10,13.63,13.05,13.63,13.506764088837444838,41469,91,560112.00,41469,100.00,0.58,0.53
2-July-2018,12.80,13.77,12.80,12.99,13.221106945620187850,24807,58,327976.00,24807,100.00,0.97,0.19
29-June-2018,12.56,13.18,12.56,13.16,13.076919275286396299,101171,88,1323005.00,101171,100.00,0.62,0.60
28-June-2018,12.40,12.56,11.60,12.56,12.529065360620371989,51453,73,644658.00,51453,100.00,0.96,0.16
27-June-2018,12.18,12.18,11.80,11.97,12.093659761456371625,23895,53,288978.00,23895,100.00,0.38,-0.21
26-June-2018,12.55,12.95,12.24,12.33,12.492190273340433084,16902,54,211143.00,16902,100.00,0.71,-0.22
25-June-2018,13.00,13.37,12.54,12.71,12.651962412794836505,42142,51,533179.00,42142,100.00,0.83,-0.29
22-June-2018,12.79,13.25,12.40,13.17,13.017571000210088045,52359,83,681587.00,52359,100.00,0.85,0.38
21-June-2018,12.63,12.99,12.63,12.93,12.814055270726522445,7997,26,102474.00,7997,100.00,0.36,0.30
20-June-2018,12.56,13.48,12.55,13.02,12.987993849065531109,16908,34,219601.00,16908,100.00,0.93,0.46
19-June-2018,12.34,13.15,12.34,12.95,12.888020598066672689,22138,31,285315.00,22138,100.00,0.81,0.61
18-June-2018,12.78,13.00,12.30,12.61,12.705187571303939332,14901,29,189320.00,14901,100.00,0.70,-0.17
15-June-2018,12.21,12.80,12.21,12.45,12.480886006072315760,28984,31,361746.00,28984,100.00,0.59,0.24
14-June-2018,12.05,12.80,12.05,12.63,12.701182150151637061,16157,26,205213.00,16157,100.00,0.75,0.58
13-June-2018,12.41,13.00,12.41,12.45,12.579295154185022026,3632,17,45688.00,3632,100.00,0.59,0.04
12-June-2018,12.41,12.75,12.22,12.75,12.574216027874564459,10045,23,126308.00,10045,100.00,0.53,0.34
11-June-2018,12.70,13.10,12.21,12.65,12.701398801027690550,17515,29,222465.00,17515,100.00,0.89,-0.05
8-June-2018,12.30,12.70,12.01,12.61,12.330285241213215925,26574,44,327665.00,26574,100.00,0.69,0.31
7-June-2018,12.00,12.75,11.75,12.12,11.887856956861383560,11521,39,136960.00,11521,100.00,1.00,0.12
6-June-2018,11.50,12.35,11.50,12.24,12.118589599532563261,44498,43,539253.00,44498,100.00,0.85,0.74
5-June-2018,11.92,12.70,11.78,11.93,11.880600317120837789,27119,47,322190.00,27119,100.00,0.92,0.01
4-June-2018,12.35,12.50,12.26,12.40,12.315512246510402949,22782,30,280572.00,22782,100.00,0.24,0.05
1-June-2018,13.54,13.94,12.85,12.90,13.034954939189780383,22858,48,297953.00,22858,100.00,1.09,-0.64
31-May-2018,14.35,14.35,13.36,13.52,13.526509217978069646,16598,24,224513.00,16598,100.00,0.99,-0.83
30-May-2018,13.98,13.98,13.05,13.90,13.790574564234990316,123920,128,1708928.00,123920,100.00,0.93,-0.08
29-May-2018,13.32,13.32,13.32,13.32,13.319975850879178929,13251,26,176503.00,13251,100.00,0.00,0.00
28-May-2018,12.68,12.69,12.68,12.69,12.689519093124927457,25847,31,327986.00,25847,100.00,0.01,0.01
25-May-2018,11.52,12.09,11.52,12.09,11.744393728914467156,10078,27,118360.00,10078,100.00,0.57,0.57
24-May-2018,12.11,12.11,11.51,11.52,11.642857142857142857,6468,16,75306.00,6468,100.00,0.60,-0.59
23-May-2018,11.50,11.99,11.50,11.69,11.599897470950102529,29260,24,339413.00,29260,100.00,0.49,0.19
22-May-2018,12.39,12.40,11.31,11.65,11.724976062458569639,27154,58,318380.00,27154,100.00,1.09,-0.74
21-May-2018,11.95,12.50,11.87,11.90,11.951100870455709165,3906,29,46681.00,3906,100.00,0.63,-0.05
18-May-2018,12.60,13.17,12.35,12.47,12.636122931442080378,10575,39,133627.00,10575,100.00,0.82,-0.13
17-May-2018,12.58,13.00,12.58,12.99,12.823863636363636363,8624,23,110593.00,8624,100.00,0.42,0.41
16-May-2018,12.70,13.19,12.50,13.00,12.769674661600569935,42110,37,537731.00,42110,100.00,0.69,0.30
15-May-2018,13.40,13.60,12.78,12.94,13.216451464145722849,17348,49,229279.00,17348,100.00,0.82,-0.46
14-May-2018,13.87,14.00,13.20,13.23,13.465162123580993814,14711,41,198086.00,14711,100.00,0.80,-0.64
11-May-2018,13.30,13.99,13.20,13.79,13.538625538670900430,22045,55,298459.00,22045,100.00,0.79,0.49
10-May-2018,13.61,13.80,13.50,13.60,13.574891635896612618,6229,33,84558.00,6229,100.00,0.30,-0.01
9-May-2018,13.83,13.97,13.40,13.61,13.613433295676286330,48685,45,662770.00,48685,100.00,0.57,-0.22
8-May-2018,14.10,14.10,13.30,13.52,13.737440381558028616,12580,29,172817.00,12580,100.00,0.80,-0.58
7-May-2018,14.01,14.29,13.31,13.54,13.692211118364887259,19913,55,272653.00,19913,100.00,0.98,-0.47
4-May-2018,13.21,14.04,13.21,14.01,13.905642888457443477,79835,144,1110157.00,79835,100.00,0.83,0.80
3-May-2018,13.00,13.40,13.00,13.38,13.240351906158357771,17050,37,225748.00,17050,100.00,0.40,0.38
2-May-2018,13.15,13.94,12.95,12.99,13.449836813162247954,44734,66,601665.00,44734,100.00,0.99,-0.16
30-April-2018,13.35,13.75,13.35,13.47,13.498232613602487117,23481,45,316952.00,23055,98.19,0.40,0.12
27-April-2018,13.52,13.90,13.52,13.71,13.612490457668399432,27509,99,374466.00,26978,98.07,0.38,0.19
26-April-2018,13.07,13.88,13.07,13.55,13.494523548740416210,16434,48,221769.00,13636,82.97,0.81,0.48
25-April-2018,13.78,14.15,13.30,13.41,13.558770823654343930,45201,66,612870.00,42170,93.29,0.85,-0.37
24-April-2018,14.30,14.30,13.55,13.78,13.909008363201911589,41850,76,582092.00,37408,89.39,0.75,-0.52
23-April-2018,13.75,14.40,13.67,13.86,14.148121787267694741,50580,96,715612.00,40320,79.72,0.73,0.11
20-April-2018,13.64,14.20,13.64,13.81,13.911736962673494138,22263,59,309717.00,18284,82.13,0.56,0.17
19-April-2018,13.26,14.28,13.26,14.01,14.013488965330653577,25873,90,362571.00,20386,78.79,1.02,0.75
18-April-2018,13.35,14.06,13.25,13.60,13.847430247054485434,56951,158,788625.00,48686,85.49,0.81,0.25
17-April-2018,13.50,14.25,13.25,13.42,13.641279180627060009,36711,137,500785.00,30696,83.62,1.00,-0.08
16-April-2018,14.65,14.65,13.63,13.70,13.856326941998032204,41671,139,577407.00,37503,90.00,1.02,-0.95
13-April-2018,15.35,15.35,14.20,14.34,14.460050604441945459,35570,162,514344.00,28859,81.13,1.15,-1.01
12-April-2018,15.00,15.17,14.00,14.90,14.957170033318305274,454705,830,6801100.00,328104,72.16,1.17,-0.10
11-April-2018,13.77,14.45,12.55,14.45,14.028288692880743964,179471,345,2517671.00,160302,89.32,1.90,0.68
10-April-2018,12.60,13.54,12.60,13.14,12.920662246804146368,54602,155,705494.00,47442,86.89,0.94,0.54
9-April-2018,12.05,12.85,12.05,12.60,12.420828395688730884,35442,101,440219.00,25518,72.00,0.80,0.55
6-April-2018,11.10,12.34,11.01,12.17,12.022037858811927883,46647,88,560792.00,37704,80.83,1.33,1.07
5-April-2018,11.00,11.50,11.00,11.22,11.225185088121601257,15263,56,171330.00,15001,98.28,0.50,0.22
4-April-2018,10.75,11.11,10.67,11.10,10.951802750588526824,16142,50,176784.00,14985,92.83,0.44,0.35
3-April-2018,10.70,10.95,10.50,10.59,10.649421694279462331,25592,46,272540.00,24209,94.60,0.45,-0.11
2-April-2018,11.00,11.00,10.30,10.85,10.659239842726081258,12971,42,138261.00,8987,69.29,0.70,-0.15
28-March-2018,10.70,10.72,10.31,10.64,10.526427895235089933,12676,32,133433.00,10726,84.62,0.41,-0.06
27-March-2018,10.00,10.31,9.91,10.29,10.143306544766398780,40689,49,412721.00,39836,97.90,0.40,0.29
26-March-2018,10.08,10.43,9.60,9.82,9.995357082559513759,11846,46,118405.00,9806,82.78,0.83,-0.26
23-March-2018,10.84,10.84,10.07,10.08,10.203552112264288846,68410,99,698025.00,52130,76.20,0.77,-0.76
22-March-2018,10.25,10.79,10.18,10.60,10.460922962411611462,21496,53,224868.00,16775,78.04,0.61,0.35
21-March-2018,10.49,10.56,10.05,10.50,10.526211573684471065,40402,60,425280.00,39182,96.98,0.51,0.01
20-March-2018,10.20,10.73,9.90,10.06,10.143199520671060515,11683,60,118503.00,9503,81.34,0.83,-0.14
19-March-2018,11.23,11.23,10.30,10.40,10.513055963143528817,63381,58,666328.00,58836,92.83,0.93,-0.83
16-March-2018,10.05,10.75,10.05,10.75,10.695445819112627986,18752,41,200561.00,18416,98.21,0.70,0.70
15-March-2018,10.45,10.50,10.20,10.24,10.338940285954583683,3567,24,36879.00,3567,100.00,0.30,-0.21
14-March-2018,10.26,10.65,10.26,10.57,10.522052401746724890,4580,14,48191.00,4380,95.63,0.39,0.31
13-March-2018,10.06,10.47,10.06,10.44,10.341215287324718174,14548,48,150444.00,13648,93.81,0.41,0.38
12-March-2018,10.31,10.45,9.81,9.98,9.931296617312616294,62879,67,624470.00,56241,89.44,0.64,-0.33
9-March-2018,10.12,10.50,10.12,10.27,10.302599839185205038,7462,33,76878.00,6076,81.43,0.38,0.15
8-March-2018,10.21,10.95,10.07,10.47,10.319114703186095676,53451,88,551567.00,38512,72.05,0.88,0.26
7-March-2018,11.35,11.35,10.60,10.60,10.696250032127894723,38907,89,416159.00,35551,91.37,0.75,-0.75
6-March-2018,11.77,11.77,10.90,11.15,11.320453374549201442,21351,51,241703.00,17845,83.58,0.87,-0.62
5-March-2018,11.50,11.79,11.27,11.31,11.585811194453575590,66926,44,775392.00,65410,97.73,0.52,-0.19
1-March-2018,11.60,12.44,11.50,11.52,11.702011123564616067,47287,100,553353.00,39942,84.47,0.94,-0.08
28-February-2018,12.05,12.50,12.05,12.06,12.260930616998694431,212934,51,2610769.00,212434,99.77,0.45,0.01
27-February-2018,12.59,12.96,12.26,12.53,12.601627069461357100,38597,73,486385.00,34039,88.19,0.70,-0.06
26-February-2018,12.50,12.82,11.95,12.59,12.666893087101110875,70665,170,895106.00,66101,93.54,0.87,0.09
23-February-2018,12.24,12.49,11.93,12.21,12.190030030030030030,116550,93,1420748.00,111622,95.77,0.56,-0.03
22-February-2018,11.78,12.22,11.78,11.91,11.986385595081247255,11385,29,136465.00,10987,96.50,0.44,0.13
21-February-2018,11.74,12.10,11.51,11.94,11.920582371775508971,82765,123,986607.00,82765,100.00,0.59,0.20
20-February-2018,11.44,11.53,11.00,11.53,11.405506993006993006,22880,50,260958.00,22880,100.00,0.53,0.09
19-February-2018,11.25,11.25,10.76,10.99,10.898526472365546413,64539,55,703380.00,64539,100.00,0.49,-0.26
16-February-2018,11.23,11.85,11.21,11.23,11.419930932412432165,30405,48,347223.00,30405,100.00,0.64,0.00
15-February-2018,11.61,12.00,11.42,11.68,11.729813552598362724,27729,67,325256.00,27729,100.00,0.58,0.07
14-February-2018,12.49,12.49,11.62,11.85,12.147990452228888458,15501,35,188306.00,15501,100.00,0.87,-0.64
12-February-2018,12.00,12.33,11.91,12.04,12.102169416518351051,20789,38,251592.00,20789,100.00,0.42,0.04
9-February-2018,11.47,12.45,11.47,12.33,12.228598306679209783,30827,53,376971.00,30827,100.00,0.98,0.86
8-February-2018,11.80,12.58,11.60,11.95,12.128854033720695909,59548,74,722249.00,59548,100.00,0.98,0.15
7-February-2018,12.00,12.24,11.86,11.99,11.986447241045498547,18594,44,222876.00,18594,100.00,0.38,-0.01
6-February-2018,12.22,12.79,12.18,12.18,12.290660278597768577,106031,121,1303191.00,106031,100.00,0.61,-0.04
5-February-2018,11.90,12.91,11.80,12.82,12.505592810609268086,73219,101,915647.00,73219,100.00,1.11,0.92
2-February-2018,13.44,13.44,12.26,12.30,12.745766964516964516,123552,174,1574765.00,123552,100.00,1.18,-1.14
1-February-2018,13.18,13.18,12.52,12.90,13.028946974236069502,133520,211,1739625.00,133520,100.00,0.66,-0.28
31-January-2018,12.61,12.61,12.30,12.56,12.603580075834868811,131338,174,1655329.00,131338,100.00,0.31,-0.05
30-January-2018,12.01,12.01,12.01,12.01,12.009992503250173184,105379,142,1265601.00,105379,100.00,0.00,0.00
29-January-2018,11.39,11.44,11.39,11.44,11.437214693721469372,83682,128,957089.00,83682,100.00,0.05,0.05
25-January-2018,11.00,11.15,10.61,10.90,11.031271586460971678,69488,121,766541.00,69488,100.00,0.54,-0.10
24-January-2018,10.55,11.25,10.55,10.62,10.825271953927805171,26567,56,287595.00,26567,100.00,0.70,0.07
23-January-2018,10.70,11.40,10.66,10.85,10.953136323375473065,12419,48,136027.00,12419,100.00,0.74,0.15
22-January-2018,10.70,11.38,10.70,11.00,11.022861981371718882,33068,69,364504.00,33068,100.00,0.68,0.30
19-January-2018,10.38,10.90,10.20,10.89,10.799203457060853300,62018,85,669745.00,62018,100.00,0.70,0.51
18-January-2018,10.45,11.23,10.37,10.39,10.715602836879432624,56400,87,604360.00,56400,100.00,0.86,-0.06
17-January-2018,11.39,11.39,10.46,10.91,10.804775852249613538,24582,53,265603.00,24582,100.00,0.93,-0.48
16-January-2018,11.74,11.74,10.87,10.90,11.022837924407431133,62440,76,688266.00,62440,100.00,0.87,-0.84
15-January-2018,11.65,11.65,11.15,11.44,11.409263326013176282,15027,49,171447.00,15027,100.00,0.50,-0.21
12-January-2018,11.05,11.79,11.00,11.23,11.480508822322527697,31681,74,363714.00,31681,100.00,0.79,0.18
11-January-2018,10.71,11.80,10.71,11.37,11.578384282185898151,80571,93,932882.00,80571,100.00,1.09,0.66
10-January-2018,11.30,11.65,11.00,11.25,11.219088003933136676,16272,60,182557.00,16272,100.00,0.65,-0.05
9-January-2018,11.50,12.00,11.20,11.30,11.462191732474522433,45334,92,519627.00,45334,100.00,0.80,-0.20
8-January-2018,11.05,11.92,11.00,11.75,11.614200869891594727,90586,197,1052084.00,90586,100.00,0.92,0.70
5-January-2018,11.48,11.48,10.56,11.36,11.296932054440309589,114474,172,1293205.00,114474,100.00,0.92,-0.12
4-January-2018,10.15,10.94,10.11,10.94,10.788657091938358318,47695,62,514565.00,47695,100.00,0.83,0.79
3-January-2018,10.35,10.69,10.00,10.42,10.519627633512983831,51025,89,536764.00,51025,100.00,0.69,0.07
2-January-2018,10.67,10.67,10.03,10.19,10.180115574740653066,28726,46,292434.00,28726,100.00,0.64,-0.48
1-January-2018,10.87,10.87,10.00,10.19,10.227955060422960725,21184,40,216669.00,21184,100.00,0.87,-0.68
29-December-2017,10.10,10.55,10.10,10.36,10.226191462909241607,12065,30,123379.00,12065,100.00,0.45,0.26
28-December-2017,10.50,10.75,10.01,10.09,10.230641796539452693,32596,54,333478.00,32596,100.00,0.74,-0.41
27-December-2017,10.38,10.46,9.96,10.46,10.288432727941756248,38047,95,391444.00,38047,100.00,0.50,0.08
26-December-2017,9.56,10.40,9.51,9.97,9.939387150573768451,40173,80,399295.00,40173,100.00,0.89,0.41
22-December-2017,10.50,10.60,9.78,9.97,9.972899505766062602,36420,41,363213.00,36420,100.00,0.82,-0.53
21-December-2017,10.20,10.20,9.55,10.12,10.002961654369739166,19246,46,192517.00,19246,100.00,0.65,-0.08
20-December-2017,10.00,10.60,9.91,10.01,10.027348470393690771,15723,38,157660.00,15723,100.00,0.69,0.01
19-December-2017,9.90,10.35,9.80,10.30,9.904570682337577538,30630,36,303377.00,30630,100.00,0.55,0.40
18-December-2017,10.10,10.16,9.80,9.86,10.014153062752733263,26708,38,267458.00,26708,100.00,0.36,-0.24
15-December-2017,10.61,10.62,9.95,10.31,10.143567168418063050,7042,31,71431.00,7042,100.00,0.67,-0.30
14-December-2017,10.75,10.75,10.10,10.12,10.365842696629213483,6675,15,69192.00,6675,100.00,0.65,-0.63
13-December-2017,9.76,10.51,9.75,10.30,10.315114036837555688,15039,32,155129.00,15039,100.00,0.76,0.54
12-December-2017,10.55,10.65,10.01,10.01,10.264271384278679554,5483,21,56279.00,5483,100.00,0.64,-0.54
11-December-2017,10.05,10.80,10.05,10.20,10.213373975995427700,20996,30,214440.00,20996,100.00,0.75,0.15
8-December-2017,10.81,10.82,9.95,10.50,10.669106116048092002,9565,19,102050.00,9565,100.00,0.87,-0.31
7-December-2017,10.16,10.49,10.00,10.31,10.124679760888129803,10539,19,106704.00,10539,100.00,0.49,0.15
6-December-2017,10.12,10.30,10.07,10.14,10.140322923305714892,18828,26,190922.00,18828,100.00,0.23,0.02
5-December-2017,9.95,10.93,9.89,10.57,10.426790939633683754,9227,34,96208.00,9227,100.00,1.04,0.62
4-December-2017,10.35,10.85,10.35,10.41,10.406243363771501380,4709,21,49003.00,4709,100.00,0.50,0.06
1-December-2017,10.89,11.25,10.55,10.85,11.124730774103636133,15786,45,175615.00,15786,100.00,0.70,-0.04
30-November-2017,10.33,11.14,10.33,10.95,10.778122621069274462,17077,36,184058.00,17077,100.00,0.81,0.62
29-November-2017,10.30,11.25,10.30,10.85,10.837555202261084614,28305,51,306757.00,28305,100.00,0.95,0.55
28-November-2017,10.59,11.00,10.59,10.80,10.789585963690191127,22969,33,247826.00,22969,100.00,0.41,0.21
27-November-2017,11.10,11.15,10.75,11.07,10.885195076280811615,32577,61,354607.00,32577,100.00,0.40,-0.03
24-November-2017,10.65,10.65,10.00,10.64,10.536041787579802669,25845,46,272304.00,25845,100.00,0.65,-0.01
23-November-2017,10.06,10.30,10.00,10.15,10.071236053654255985,31908,34,321353.00,31908,100.00,0.30,0.09
22-November-2017,10.00,10.49,10.00,10.34,10.226389560173997100,10345,18,105792.00,10345,100.00,0.49,0.34
21-November-2017,10.70,10.70,10.00,10.10,10.305679642629227823,12536,38,129192.00,12536,100.00,0.70,-0.60
20-November-2017,9.62,10.39,9.62,10.25,10.116039701017032226,8161,27,82557.00,8161,100.00,0.77,0.63
17-November-2017,9.43,10.40,9.43,9.92,10.203936898913720334,28906,50,294955.00,28906,100.00,0.97,0.49
16-November-2017,9.72,10.19,9.70,9.91,9.762127944488404650,16429,48,160382.00,16429,100.00,0.49,0.19
15-November-2017,10.16,10.49,10.11,10.20,10.195979322228604250,17410,29,177512.00,17410,100.00,0.38,0.04
14-November-2017,9.56,10.50,9.56,10.50,10.371378860374075685,22990,40,238438.00,22990,100.00,0.94,0.94
13-November-2017,10.02,10.50,10.01,10.01,10.035277516462841015,31890,74,320025.00,31890,100.00,0.49,-0.01
10-November-2017,10.53,10.89,10.53,10.53,10.530752758528388305,67246,71,708151.00,67246,100.00,0.36,0.00
9-November-2017,11.50,11.50,11.08,11.08,11.082951582211572344,14189,34,157256.00,14189,100.00,0.42,-0.42
8-November-2017,11.66,11.66,11.66,11.66,11.659999744725388336,78347,52,913526.00,78347,100.00,0.00,0.00
7-November-2017,12.25,12.29,12.01,12.27,12.255723020048343523,168792,336,2068668.00,168792,100.00,0.28,0.02
6-November-2017,11.40,11.71,11.40,11.71,11.692328291594346640,100825,139,1178879.00,100825,100.00,0.31,0.31
3-November-2017,10.65,11.30,10.65,11.16,11.068466210689361109,57459,116,635983.00,57459,100.00,0.65,0.51
2-November-2017,11.25,11.35,10.51,10.78,10.807218279971479985,58906,124,636610.00,58906,100.00,0.84,-0.47
1-November-2017,11.48,12.05,10.95,11.01,11.376215314519040446,80329,135,913840.00,80329,100.00,1.10,-0.47
31-October-2017,11.20,11.95,11.20,11.48,11.496773873337303950,20148,68,231637.00,20148,100.00,0.75,0.28
30-October-2017,11.74,11.75,11.21,11.52,11.392500699561608058,21442,104,244278.00,21442,100.00,0.54,-0.22
27-October-2017,12.86,12.86,11.70,11.75,11.852181285005489694,71953,141,852800.00,71953,100.00,1.16,-1.11
26-October-2017,12.00,12.45,11.45,12.29,11.993197054802418092,60709,149,728095.00,60709,100.00,1.00,0.29
25-October-2017,13.00,13.00,11.70,11.99,12.041813012209399565,149475,293,1799950.00,133962,89.62,1.30,-1.01
24-October-2017,13.50,13.50,12.90,12.99,13.105839565199624044,122355,349,1603565.00,110595,90.39,0.60,-0.51
23-October-2017,13.50,14.28,13.49,13.79,13.872938577313419096,217265,515,3014104.00,185254,85.27,0.79,0.29
19-October-2017,13.73,13.73,13.17,13.40,13.542274368557205540,332057,369,4496807.00,314918,94.84,0.56,-0.33
18-October-2017,10.35,12.49,10.35,12.49,11.997112408734162064,467864,845,5613017.00,338944,72.44,2.14,2.14
17-October-2017,9.91,10.55,9.91,10.41,10.443954245291893213,106306,169,1110255.00,98494,92.65,0.64,0.50
16-October-2017,10.52,10.95,10.00,10.21,10.398490557394321838,87317,189,907965.00,62082,71.10,0.95,-0.31
13-October-2017,10.05,11.05,10.05,10.53,10.608860332213395296,254776,509,2702883.00,174639,68.55,1.00,0.48
12-October-2017,9.01,10.24,9.01,10.03,9.988765638294519900,190398,260,1901841.00,145937,76.65,1.23,1.02
11-October-2017,9.90,10.30,9.30,9.32,9.746093288585940702,143919,235,1402648.00,117070,81.34,1.00,-0.58
10-October-2017,8.88,9.98,8.40,9.75,9.241352213675348675,253244,371,2340317.00,180208,71.16,1.58,0.87
9-October-2017,8.10,8.72,7.71,8.48,8.496817836972098120,47452,110,403191.00,42624,89.83,1.01,0.38
6-October-2017,8.03,8.48,8.03,8.18,8.280590621154810190,43886,86,363402.00,36283,82.68,0.45,0.15
5-October-2017,8.35,8.35,7.80,8.11,7.903530067258327695,25127,37,198592.00,19399,77.20,0.55,-0.24
4-October-2017,7.75,8.00,7.70,7.86,7.884257774927861494,12476,44,98364.00,11903,95.41,0.30,0.11
3-October-2017,8.02,8.15,7.82,7.95,7.955198313348267228,22767,39,181116.00,20751,91.15,0.33,-0.07
29-September-2017,7.95,8.48,7.70,7.96,8.225846144012272683,125156,175,1029514.00,80148,64.04,0.78,0.01
28-September-2017,7.01,8.60,7.01,8.22,8.156402624194997565,199223,244,1624943.00,160753,80.69,1.59,1.21
27-September-2017,7.50,7.80,7.40,7.41,7.513930647424333533,19956,49,149948.00,17456,87.47,0.40,-0.09
26-September-2017,7.57,7.57,7.35,7.37,7.412926278836509528,15952,32,118251.00,12458,78.10,0.22,-0.20
25-September-2017,7.60,7.70,7.26,7.36,7.476608996539792387,14450,37,108037.00,13274,91.86,0.44,-0.24
22-September-2017,7.65,7.94,7.37,7.43,7.556326044414192121,141036,179,1065714.00,119127,84.47,0.57,-0.22
21-September-2017,7.55,8.43,7.15,8.03,7.423350668856936752,675107,229,5011556.00,608288,90.10,1.28,0.48
20-September-2017,7.70,8.00,7.53,7.59,7.757158920539730134,26680,61,206961.00,23997,89.94,0.47,-0.11
19-September-2017,7.75,8.50,7.60,7.74,7.963505861409389618,52803,67,420497.00,50248,95.16,0.90,-0.01
18-September-2017,8.20,8.20,7.06,7.51,7.533999019848076451,16324,51,122985.00,14620,89.56,1.14,-0.69
15-September-2017,7.35,7.60,7.35,7.39,7.476878944348823866,8715,27,65161.00,8602,98.70,0.25,0.04
14-September-2017,7.50,7.60,7.25,7.42,7.451715976331360946,25350,67,188901.00,23195,91.50,0.35,-0.08
13-September-2017,7.22,7.60,7.22,7.45,7.538365214387495142,23159,34,174581.00,21434,92.55,0.38,0.23
12-September-2017,7.40,7.60,7.38,7.60,7.522650140180020658,13554,23,101962.00,12754,94.10,0.22,0.20
11-September-2017,7.50,8.00,7.40,7.45,7.460097336333664765,19109,60,142555.00,12995,68.00,0.60,-0.05
8-September-2017,7.70,7.78,7.20,7.48,7.524499173895084675,38736,51,291469.00,35507,91.66,0.58,-0.22
7-September-2017,7.50,8.10,7.44,7.70,7.727376284836282716,37748,65,291693.00,32347,85.69,0.66,0.20
6-September-2017,7.28,7.50,7.22,7.43,7.379252336448598130,21400,33,157916.00,18900,88.32,0.28,0.15
5-September-2017,7.40,7.50,7.33,7.40,7.473224966575188234,14211,29,106202.00,13011,91.56,0.17,0.00
4-September-2017,7.61,7.61,7.32,7.43,7.457649318896262661,34356,61,256215.00,32286,93.97,0.29,-0.18
1-September-2017,8.00,8.00,7.50,7.66,7.832124473561066916,8548,36,66949.00,7747,90.63,0.50,-0.34
31-August-2017,7.95,8.10,7.65,8.03,7.982945251611661695,41572,82,331867.00,,,0.45,0.08
30-August-2017,7.30,7.79,7.30,7.57,7.562971859986273164,5828,28,44077.00,4945,84.85,0.49,0.27
29-August-2017,7.85,7.85,7.45,7.47,7.570104562737642585,4208,10,31855.00,4208,100.00,0.40,-0.38
28-August-2017,7.75,8.10,7.62,7.65,7.712091503267973856,18360,43,141594.00,16360,89.11,0.48,-0.10
24-August-2017,7.35,7.80,7.24,7.68,7.573325424347508669,21916,38,165977.00,19816,90.42,0.56,0.33
23-August-2017,7.07,7.70,7.05,7.23,7.185489670184440168,51453,75,369715.00,36669,71.27,0.65,0.16
22-August-2017,7.16,7.45,7.15,7.27,7.331203111975548763,17995,34,131925.00,16991,94.42,0.30,0.11
21-August-2017,7.63,7.88,7.21,7.46,7.602676644121456324,6949,21,52831.00,6800,97.86,0.67,-0.17
18-August-2017,7.27,7.85,7.27,7.68,7.557562209541737749,16999,41,128471.00,16549,97.35,0.58,0.41
17-August-2017,7.35,7.80,7.25,7.57,7.485458905602790494,22935,44,171679.00,20478,89.29,0.55,0.22
16-August-2017,7.50,7.75,7.33,7.40,7.430295250320924261,11685,36,86823.00,10885,93.15,0.42,-0.10
14-August-2017,7.60,7.60,7.20,7.30,7.467047550497098384,22229,37,165985.00,21440,96.45,0.40,-0.30
11-August-2017,7.70,8.00,7.40,7.44,7.724155540964470708,27414,63,211750.00,21394,78.04,0.60,-0.26
10-August-2017,7.22,8.32,7.22,7.80,7.762609208340033231,55971,93,434481.00,41852,74.77,1.10,0.58
9-August-2017,8.10,8.35,7.75,7.83,7.968415787342495772,41983,80,334538.00,39983,95.24,0.60,-0.27
8-August-2017,8.28,8.50,8.15,8.26,8.361428167154042071,21202,46,177279.00,19544,92.18,0.35,-0.02
7-August-2017,8.50,8.79,8.36,8.37,8.517724035116779857,12074,33,102843.00,10422,86.32,0.43,-0.13
4-August-2017,8.22,8.64,8.22,8.51,8.487547987006595137,10159,28,86225.00,7857,77.34,0.42,0.29
3-August-2017,8.37,8.59,8.37,8.44,8.413410426186701482,21446,24,180434.00,19411,90.51,0.22,0.07
2-August-2017,8.45,8.65,8.42,8.49,8.507518026328689715,112197,40,954518.00,109115,97.25,0.23,0.04
1-August-2017,8.53,8.57,8.45,8.54,8.520656779661016949,35872,60,305653.00,32011,89.24,0.12,0.01
31-July-2017,8.50,8.79,8.43,8.58,8.597011777113728247,28445,59,244542.00,26307,92.48,0.36,0.08
28-July-2017,8.50,8.94,8.25,8.47,8.463900928792569659,8075,34,68346.00,5218,64.62,0.69,-0.03
27-July-2017,8.43,9.59,8.43,8.53,8.612187994316201506,37299,78,321226.00,34470,92.42,1.16,0.10
26-July-2017,8.95,9.00,8.70,8.80,8.827897082658022690,29616,92,261447.00,16905,57.08,0.30,-0.15
25-July-2017,8.77,9.29,8.25,8.67,8.834892957473602634,51615,69,456013.00,43897,85.05,1.04,-0.10
24-July-2017,8.71,8.98,8.66,8.75,8.788193542802735220,23106,43,203060.00,20852,90.24,0.32,0.04
21-July-2017,8.81,8.90,8.66,8.72,8.709952778786778060,22024,41,191828.00,19952,90.59,0.24,-0.09
20-July-2017,8.65,8.91,8.65,8.80,8.842190889370932754,9220,28,81525.00,8045,87.26,0.26,0.15
19-July-2017,8.55,8.84,8.54,8.65,8.642448173741362290,5065,14,43774.00,4915,97.04,0.30,0.10
18-July-2017,8.35,8.89,8.35,8.55,8.644917021855445724,22054,34,190655.00,18788,85.19,0.54,0.20
17-July-2017,8.66,9.00,8.51,8.60,8.768219705065184868,9358,41,82053.00,7423,79.32,0.49,-0.06
14-July-2017,8.80,8.80,8.50,8.61,8.667453589440927138,9319,28,80772.00,8569,91.95,0.30,-0.19
13-July-2017,8.71,9.09,8.60,8.70,8.752447914420049173,23183,55,202908.00,19135,82.54,0.49,-0.01
12-July-2017,8.31,8.99,8.16,8.80,8.792309351741991155,55626,57,489081.00,48736,87.61,0.83,0.49
11-July-2017,9.00,9.01,8.50,8.56,8.656835301882069138,43941,85,380390.00,41322,94.04,0.51,-0.44
10-July-2017,8.80,9.25,8.80,8.89,8.978541119418064255,24745,55,222174.00,18878,76.29,0.45,0.09
7-July-2017,8.65,8.99,8.65,8.73,8.728336928993527811,53305,84,465264.00,46982,88.14,0.34,0.08
6-July-2017,9.69,9.69,8.70,8.96,8.881154205445801473,57806,102,513384.00,44822,77.54,0.99,-0.73
5-July-2017,9.50,9.50,8.87,8.93,8.980526206753677232,43443,60,390141.00,41450,95.41,0.63,-0.57
4-July-2017,8.72,8.98,8.70,8.91,8.841506434143190738,20127,62,177953.00,15026,74.66,0.28,0.19
3-July-2017,9.00,9.23,8.56,8.87,8.861396842036296927,30526,51,270503.00,25844,84.66,0.67,-0.13
30-June-2017,8.60,8.82,8.60,8.69,8.775534911597243032,83425,67,732099.00,83425,100.00,0.22,0.09
29-June-2017,8.50,8.90,8.50,8.81,8.770379892725741389,22559,55,197851.00,19951,88.44,0.40,0.31
28-June-2017,8.45,8.78,8.36,8.46,8.488771617862161929,34867,66,295978.00,33621,96.43,0.42,0.01
27-June-2017,9.05,9.05,8.50,8.56,8.764127997567742180,52626,127,461221.00,44332,84.24,0.55,-0.49
23-June-2017,9.90,9.90,9.01,9.19,9.201418673705047838,30310,75,278895.00,28727,94.78,0.89,-0.71
22-June-2017,9.98,9.98,9.45,9.48,9.509675848020547338,45164,82,429495.00,36052,79.82,0.53,-0.50
21-June-2017,9.50,9.89,9.50,9.60,9.728763800014063708,56884,56,553411.00,55283,97.19,0.39,0.10
20-June-2017,9.50,9.99,9.50,9.61,9.798867044318560479,15005,55,147032.00,13173,87.79,0.49,0.11
19-June-2017,9.85,10.15,9.57,9.73,9.771336187266599872,21958,57,214559.00,18206,82.91,0.58,-0.12
16-June-2017,10.00,10.00,9.75,9.85,9.946674440507691617,22297,55,221781.00,21146,94.84,0.25,-0.15
15-June-2017,9.90,10.30,9.90,9.96,9.979758170460334057,37299,101,372235.00,32174,86.26,0.40,0.06
14-June-2017,10.00,10.70,9.85,10.13,10.254396248534583821,28149,76,288651.00,14996,53.27,0.85,0.13
13-June-2017,9.63,10.62,9.63,10.24,10.473116639930710159,163949,315,1717057.00,108295,66.05,0.99,0.61
12-June-2017,10.50,10.50,9.50,9.66,9.779068104459254597,69922,114,683772.00,56470,80.76,1.00,-0.84
9-June-2017,10.00,10.15,9.60,9.82,9.821983646464015979,32042,109,314716.00,22880,71.41,0.55,-0.18
8-June-2017,10.00,10.35,9.75,9.82,9.969947822596829219,19932,56,198721.00,18964,95.14,0.60,-0.18
7-June-2017,9.60,10.40,9.25,9.94,9.835967749282558192,21953,92,215929.00,19552,89.06,1.15,0.34
6-June-2017,10.01,10.01,9.69,9.69,9.804258514820868489,22637,68,221939.00,21537,95.14,0.32,-0.32
5-June-2017,10.29,10.41,9.90,10.19,10.302292822966507177,130625,133,1345737.00,102382,78.38,0.51,-0.10
2-June-2017,9.95,10.18,9.71,9.92,9.837861271676300578,10380,34,102117.00,6998,67.42,0.47,-0.03
1-June-2017,9.70,9.91,9.37,9.70,9.778672508733495174,67556,89,660608.00,46739,69.19,0.54,0.00
31-May-2017,9.31,10.11,9.30,9.70,9.705457673060884070,38368,74,372379.00,23006,59.96,0.81,0.39
30-May-2017,9.88,10.25,9.45,9.63,9.805952163593207960,27385,45,268536.00,20635,75.35,0.80,-0.25
29-May-2017,9.27,9.90,9.27,9.79,9.846880852903039907,34705,44,341736.00,34705,100.00,0.63,0.52
26-May-2017,9.42,9.43,8.66,9.43,9.394347281307913355,133281,69,1252088.00,133281,100.00,0.77,0.01
25-May-2017,9.00,9.19,8.82,8.99,9.028995669210146421,24245,47,218908.00,24245,100.00,0.37,-0.01
24-May-2017,9.00,9.67,8.77,8.89,9.136765300425466376,103886,70,949182.00,103886,100.00,0.90,-0.11
23-May-2017,9.35,9.50,9.04,9.21,9.167801422003366580,39803,222,364906.00,39803,100.00,0.46,-0.14
22-May-2017,9.95,9.95,9.50,9.50,9.660003488106897060,74539,82,720047.00,74539,100.00,0.45,-0.45
19-May-2017,10.50,10.50,9.90,9.99,10.136481358790580015,49809,89,504888.00,49809,100.00,0.60,-0.51
18-May-2017,10.50,10.70,10.16,10.18,10.293379963992301802,48323,110,497407.00,48323,100.00,0.54,-0.32
17-May-2017,11.17,11.17,10.62,10.69,10.844933247229068097,75877,164,822881.00,75877,100.00,0.55,-0.48
16-May-2017,11.20,11.69,11.00,11.17,11.216719654357218553,24534,45,275191.00,24534,100.00,0.69,-0.03
15-May-2017,11.76,11.76,11.25,11.26,11.281254712713014628,19893,45,224418.00,19893,100.00,0.51,-0.50
12-May-2017,11.77,11.88,11.10,11.22,11.480652462903747350,27833,57,319541.00,27833,100.00,0.78,-0.55
11-May-2017,11.90,11.90,11.30,11.39,11.542523176138653768,64506,73,744562.00,64506,100.00,0.60,-0.51
10-May-2017,11.10,11.72,11.10,11.44,11.655579635615633264,54448,89,634623.00,54448,100.00,0.62,0.34
9-May-2017,11.05,11.65,11.05,11.17,11.357135706897127031,29969,73,340362.00,29969,100.00,0.60,0.12
8-May-2017,11.88,11.88,11.32,11.57,11.465957966764418377,40920,70,469187.00,40920,100.00,0.56,-0.31
5-May-2017,12.05,12.40,11.55,11.55,11.680311890838206627,48222,111,563248.00,48222,100.00,0.85,-0.50
4-May-2017,11.92,12.38,11.65,12.15,11.918372282190515971,45487,102,542131.00,45487,100.00,0.73,0.23
3-May-2017,12.55,12.55,11.96,12.01,12.076041237113402061,24250,59,292844.00,24250,100.00,0.59,-0.54
2-May-2017,13.00,13.10,12.25,12.27,12.457530997304582210,46375,126,577718.00,46375,100.00,0.85,-0.73
28-April-2017,12.73,13.00,12.61,12.89,12.751612250859492618,44503,72,567485.00,44503,100.00,0.39,0.16
27-April-2017,13.15,13.29,12.67,13.00,12.943420015760441292,25380,66,328504.00,25380,100.00,0.62,-0.15
26-April-2017,13.48,13.48,12.70,13.16,12.930248514043462874,138463,184,1790361.00,138463,100.00,0.78,-0.32
25-April-2017,12.85,13.38,12.81,13.35,13.365951065251764552,306735,287,4099805.00,306735,100.00,0.57,0.50
24-April-2017,12.22,13.10,12.21,12.75,12.725599641926226271,37981,109,483331.00,37981,100.00,0.89,0.53
21-April-2017,13.09,13.09,12.36,12.52,12.635540679319919364,26291,73,332201.00,26291,100.00,0.73,-0.57
20-April-2017,12.94,12.94,12.50,12.51,12.651647055071909180,31359,80,396743.00,31359,100.00,0.44,-0.43
19-April-2017,12.96,12.96,12.51,12.57,12.705372065260644647,37695,95,478929.00,37695,100.00,0.45,-0.39
18-April-2017,13.40,13.53,12.80,13.00,13.319985726441766627,182155,215,2426302.00,182155,100.00,0.73,-0.40
17-April-2017,12.30,12.89,12.22,12.89,12.681616395904826183,105197,178,1334068.00,105197,100.00,0.67,0.59
13-April-2017,12.95,13.00,12.05,12.28,12.330808966178154874,42783,84,527549.00,42783,100.00,0.95,-0.67
12-April-2017,11.69,12.69,11.69,12.47,12.129160095434510089,49458,124,599884.00,49458,100.00,1.00,0.78
11-April-2017,13.25,13.25,12.20,12.30,12.535271299823469292,86104,199,1079337.00,86104,100.00,1.05,-0.95
10-April-2017,13.50,13.50,12.80,12.84,13.140651927199361102,95164,167,1250517.00,95164,100.00,0.70,-0.66
7-April-2017,13.40,13.45,12.61,13.28,13.138710486703462117,39860,171,523709.00,39860,100.00,0.84,-0.12
6-April-2017,12.00,12.90,12.00,12.86,12.806495956780683274,290981,185,3726447.00,290981,100.00,0.90,0.86
5-April-2017,12.70,12.70,12.16,12.29,12.348202738488699115,48713,77,601518.00,48713,100.00,0.54,-0.41
3-April-2017,12.05,12.25,11.82,12.18,12.039343447854167462,52334,97,630067.00,52334,100.00,0.43,0.13
31-March-2017,12.65,12.80,12.21,12.35,12.539974022483987996,44654,99,559960.00,44654,100.00,0.59,-0.30
30-March-2017,12.80,12.80,12.33,12.67,12.669356406766478708,51430,92,651585.00,51430,100.00,0.47,-0.13
29-March-2017,12.80,12.80,12.26,12.71,12.760496488932795770,299624,180,3823351.00,299624,100.00,0.54,-0.09
28-March-2017,12.80,12.80,12.80,12.80,12.800000000000000000,18965,41,242752.00,18965,100.00,0.00,0.00
27-March-2017,12.80,12.80,12.80,12.80,12.799983202452441943,23813,38,304806.00,23813,100.00,0.00,0.00
24-March-2017,12.25,12.60,11.92,12.60,12.442397211336523264,92374,83,1149354.00,92374,100.00,0.68,0.35
23-March-2017,12.00,12.25,11.91,12.00,12.120719555568619382,34021,92,412359.00,34021,100.00,0.34,0.00
22-March-2017,12.00,12.38,11.75,12.20,12.082011941250465070,56443,127,681945.00,56443,100.00,0.63,0.20
21-March-2017,12.50,12.78,12.05,12.06,12.187424768108758762,42369,155,516369.00,42369,100.00,0.73,-0.44
20-March-2017,12.80,12.95,12.40,12.55,12.739459588459906661,75424,148,960861.00,75424,100.00,0.55,-0.25
17-March-2017,13.25,13.50,12.94,12.95,13.087975727651327249,86683,185,1134505.00,86683,100.00,0.56,-0.30
16-March-2017,13.88,14.10,13.15,13.62,13.716324422924742143,149114,307,2045296.00,102659,68.85,0.95,-0.26
15-March-2017,14.21,14.47,13.22,13.55,13.855465271788282043,286381,702,3967942.00,241555,84.35,1.25,-0.66
14-March-2017,14.90,15.49,14.35,14.68,14.979849625028785099,620981,818,9302202.00,478561,77.07,1.14,-0.22
10-March-2017,13.00,14.62,13.00,14.46,13.978035668730270319,2054012,2062,28711053.00,1421224,69.19,1.62,1.46
9-March-2017,10.64,12.61,10.60,12.54,12.316902015433105397,1450259,1486,17862698.00,1175323,81.04,2.01,1.90
8-March-2017,10.00,10.70,9.67,10.51,10.294873102920545848,156820,338,1614442.00,143920,91.77,1.03,0.51
7-March-2017,9.67,10.24,9.63,10.00,10.000559892998227005,289341,302,2893572.00,265194,91.65,0.61,0.33
6-March-2017,9.50,10.00,9.22,9.67,9.783546652839560079,146572,366,1433994.00,137474,93.79,0.78,0.17
3-March-2017,9.00,9.45,8.91,9.14,9.087444457103794007,17554,43,159521.00,13619,77.58,0.54,0.14
2-March-2017,9.02,9.40,8.83,9.03,9.119936833793920252,25330,51,231008.00,24720,97.59,0.57,0.01
1-March-2017,9.40,9.44,9.20,9.26,9.348917390704730382,14502,38,135578.00,14379,99.15,0.24,-0.14
28-February-2017,9.40,9.46,9.08,9.08,9.164825289422212824,18917,66,173371.00,18368,97.10,0.38,-0.32
27-February-2017,8.51,9.80,8.51,9.15,9.378717971039726067,34461,100,323200.00,25575,74.21,1.29,0.64
23-February-2017,9.10,9.35,9.10,9.20,9.222930342234401886,15691,45,144717.00,13491,85.98,0.25,0.10
22-February-2017,9.84,9.84,9.30,9.36,9.434020210025757875,20188,52,190454.00,15918,78.85,0.54,-0.48
21-February-2017,8.61,9.60,8.61,9.54,9.324214820610260422,71576,116,667390.00,69381,96.93,0.99,0.93
20-February-2017,9.00,9.10,8.81,8.86,8.952773864627356275,14907,52,133459.00,14707,98.66,0.29,-0.14
17-February-2017,9.00,9.28,8.71,8.97,8.974024654565158493,29528,53,264985.00,22134,74.96,0.57,-0.03
16-February-2017,8.90,9.32,8.63,8.68,8.900176746330592484,13013,35,115818.00,12709,97.66,0.69,-0.22
15-February-2017,9.25,9.25,8.82,8.85,8.902569657579587169,16617,45,147934.00,16017,96.39,0.43,-0.40
14-February-2017,9.02,9.49,8.95,9.00,9.127991354021923730,25908,45,236488.00,24688,95.29,0.54,-0.02
13-February-2017,9.30,9.90,8.93,9.29,9.317200664165795461,32522,54,303014.00,29859,91.81,0.97,-0.01
10-February-2017,9.45,9.45,9.10,9.10,9.113806623258419099,28566,38,260345.00,28216,98.77,0.35,-0.35
9-February-2017,9.11,9.65,9.10,9.12,9.228177532263441116,41998,97,387565.00,29758,70.86,0.55,0.01
8-February-2017,9.25,9.25,9.00,9.25,9.102944180210673747,34271,72,311967.00,32351,94.40,0.25,0.00
7-February-2017,9.00,9.30,9.00,9.23,9.167923169267707082,20825,60,190922.00,18259,87.68,0.30,0.23
6-February-2017,9.83,9.83,9.03,9.30,9.468170277432865694,53959,97,510893.00,43662,80.92,0.80,-0.53
3-February-2017,9.49,9.49,8.81,9.05,9.147411140930811023,15277,53,139745.00,14163,92.71,0.68,-0.44
2-February-2017,9.06,9.20,8.91,8.91,9.044403528303502611,23354,35,211223.00,23354,100.00,0.29,-0.15
1-February-2017,9.50,9.50,9.00,9.06,9.111433639735526527,24804,56,226000.00,21048,84.86,0.50,-0.44
31-January-2017,9.82,9.82,9.05,9.10,9.113005991060956667,31547,47,287488.00,29287,92.84,0.77,-0.72
30-January-2017,9.53,9.88,9.33,9.39,9.583983995109616827,35989,109,344918.00,27227,75.65,0.55,-0.14
27-January-2017,9.35,9.94,9.35,9.82,9.778353265869365225,108700,312,1062907.00,97729,89.91,0.59,0.47
25-January-2017,9.70,9.90,9.27,9.40,9.452342983316977428,32608,87,308222.00,28407,87.12,0.63,-0.30
24-January-2017,9.05,10.25,9.05,9.59,9.836054695354916549,99460,237,978294.00,78060,78.48,1.20,0.54
23-January-2017,9.45,9.45,8.91,9.05,9.064696155436130632,19352,61,175420.00,16822,86.93,0.54,-0.40
20-January-2017,9.35,9.45,8.82,9.04,9.114782113358017658,28088,53,256016.00,24982,88.94,0.63,-0.31
19-January-2017,9.33,9.33,8.91,9.04,9.089999149346414495,35267,50,320577.00,31113,88.22,0.42,-0.29
18-January-2017,8.90,9.40,8.90,9.05,9.114998107168668479,58114,170,529709.00,56105,96.54,0.50,0.15
17-January-2017,8.99,9.30,8.73,8.96,9.099581621499378086,26531,44,241421.00,25090,94.57,0.57,-0.03
16-January-2017,9.39,9.39,8.40,8.75,8.917031657149193324,36074,73,321673.00,31461,87.21,0.99,-0.64
13-January-2017,8.94,9.40,8.50,9.01,9.033394193647298220,71749,130,648137.00,60704,84.61,0.90,0.07
12-January-2017,9.07,9.07,8.50,8.68,8.807982459400200676,53818,162,474028.00,45212,84.01,0.57,-0.39
11-January-2017,9.67,9.67,9.01,9.07,9.207538280329799764,55185,142,508118.00,49743,90.14,0.66,-0.60
10-January-2017,9.70,10.40,9.30,9.58,9.813397525699966456,253405,522,2486764.00,169452,66.87,1.10,-0.12
9-January-2017,7.50,8.88,7.15,8.88,8.652422389463781749,127560,166,1103703.00,117040,91.75,1.73,1.38
6-January-2017,7.35,7.55,7.21,7.40,7.406861313868613138,13700,39,101474.00,11660,85.11,0.34,0.05
5-January-2017,7.02,7.50,7.02,7.34,7.319898712808609411,9478,34,69378.00,6899,72.79,0.48,0.32
4-January-2017,7.13,7.40,7.11,7.26,7.258045292014302741,21814,55,158327.00,18300,83.89,0.29,0.13
3-January-2017,7.04,7.30,7.04,7.25,7.200946176516209089,12894,34,92849.00,11493,89.13,0.26,0.21
2-January-2017,7.00,7.89,7.00,7.09,7.141392397892709454,35306,87,252134.00,30721,87.01,0.89,0.09
