Company,Open,High,Low,Close,No. of Shares
TCS.BO,2879.0,2939.89990234375,2877.300048828125,2928.199951171875,152353
TCS.BO,3244.35009765625,3273.85009765625,3210.10009765625,3233.60009765625,162323
TCS.BO,3104.0,3165.0,3045.10009765625,3140.699951171875,158508
TCS.BO,3206.0,3206.0,3131.0,3139.949951171875,104489
TCS.BO,2930.0,2964.949951171875,2900.0,2926.199951171875,210795
TCS.BO,3064.85009765625,3139.89990234375,3063.0,3108.699951171875,294600
TCS.BO,3155.0,3205.0,3131.64990234375,3177.60009765625,192113
TCS.BO,3228.949951171875,3246.25,3182.0,3193.300048828125,106603
TCS.BO,3034.699951171875,3057.0,3004.800048828125,3037.0,110455
TCS.BO,3095.0,3123.0,3078.699951171875,3089.35009765625,71234
TCS.BO,3170.0,3170.0,3132.0,3153.39990234375,39525
TCS.BO,3300.0,3300.0,3251.550048828125,3262.449951171875,567462
TCS.BO,3348.699951171875,3366.0,3327.0,3339.60009765625,52691
TCS.BO,3215.0,3215.60009765625,3175.449951171875,3187.89990234375,51763
TCS.BO,3196.0,3203.300048828125,3133.199951171875,3197.5,97773
TCS.BO,3350.0,3359.85009765625,3327.300048828125,3340.550048828125,67042
TCS.BO,3668.89990234375,3687.10009765625,3649.0,3671.050048828125,94445
TCS.BO,3799.0,3809.699951171875,3765.14990234375,3791.75,38234
TCS.BO,3889.0,3944.5,3856.0,3871.300048828125,49192
TCS.BO,3935.0,3990.0,3898.949951171875,3935.300048828125,97634
TCS.BO,3500.050048828125,3515.0,3450.0,3492.5,121831
TCS.BO,3504.0,3534.89990234375,3497.60009765625,3504.5,83427
TCS.BO,3478.0,3493.550048828125,3431.0,3443.550048828125,47809
TCS.BO,3625.0,3645.0,3602.60009765625,3626.5,263196
TCS.BO,3612.0,3636.0,3605.39990234375,3630.0,68470
TCS.BO,3865.0,3870.10009765625,3811.0,3861.050048828125,54550
TCS.BO,4018.0,4018.0,3911.75,3915.800048828125,138761
TCS.BO,3845.0,3882.949951171875,3815.0,3825.0,114933
TCS.BO,3769.0,3815.949951171875,3756.0,3794.800048828125,340554
TCS.BO,3469.0,3547.449951171875,3351.0,3485.300048828125,244599
TCS.BO,3630.10009765625,3712.0,3625.5,3700.949951171875,50288
TCS.BO,3792.0,3835.5,3775.550048828125,3814.050048828125,127222
TCS.BO,3589.0,3643.0,3568.5,3629.949951171875,42124
TCS.BO,3393.0,3455.5,3348.75,3446.10009765625,185666
TCS.BO,3315.0,3338.0,3267.050048828125,3320.949951171875,88129
TCS.BO,3421.0,3453.10009765625,3378.0,3430.25,34827
TCS.BO,3094.5,3138.60009765625,3069.699951171875,3113.199951171875,94264
TCS.BO,3315.0,3316.60009765625,3225.800048828125,3234.64990234375,113323
TCS.BO,3023.39990234375,3076.449951171875,3015.0,3060.35009765625,1742719
TCS.BO,3327.050048828125,3329.0,3271.0,3299.199951171875,1310532
TCS.BO,3385.0,3417.0,3371.0,3400.64990234375,111891
TCS.BO,3189.60009765625,3189.60009765625,3121.199951171875,3131.550048828125,431542
TCS.BO,3127.0,3140.64990234375,3101.0,3104.35009765625,192170
TCS.BO,3042.0,3052.5,2990.699951171875,2997.35009765625,116665
TCS.BO,3136.0,3149.0,3071.050048828125,3097.64990234375,127684
TCS.BO,3193.0,3199.300048828125,3178.449951171875,3193.050048828125,80343
TCS.BO,3325.0,3341.14990234375,3291.800048828125,3332.64990234375,132868
TCS.BO,3380.25,3428.0,3380.25,3397.10009765625,166776
TCS.BO,3280.199951171875,3339.39990234375,3269.0,3331.89990234375,36869
TCS.BO,3265.0,3273.949951171875,3230.60009765625,3259.050048828125,34548
TATAMOTORS.BO,185.25,187.0,184.5500030517578,186.4499969482422,1158750
TATAMOTORS.BO,246.35000610351562,264.6000061035156,242.5,260.3999938964844,17370420
TATAMOTORS.BO,270.3999938964844,281.95001220703125,255.5500030517578,279.75,9091062
TATAMOTORS.BO,330.3999938964844,335.6000061035156,324.04998779296875,333.29998779296875,3847809
TATAMOTORS.BO,329.8999938964844,331.8500061035156,322.54998779296875,328.1000061035156,5221906
TATAMOTORS.BO,320.29998779296875,321.79998779296875,315.29998779296875,319.75,1860583
TATAMOTORS.BO,298.6499938964844,307.5,297.54998779296875,301.8500061035156,3236502
TATAMOTORS.BO,302.3999938964844,315.0,300.29998779296875,309.8999938964844,3540808
TATAMOTORS.BO,285.6499938964844,294.70001220703125,285.1499938964844,293.0,2809702
TATAMOTORS.BO,326.0,336.54998779296875,324.1000061035156,332.3500061035156,4587490
TATAMOTORS.BO,319.6499938964844,325.70001220703125,317.3999938964844,318.1000061035156,1479190
TATAMOTORS.BO,356.0,360.6499938964844,351.20001220703125,352.6499938964844,2697386
TATAMOTORS.BO,344.3999938964844,346.5,339.6000061035156,341.54998779296875,1780699
TATAMOTORS.BO,310.20001220703125,312.20001220703125,308.20001220703125,310.8999938964844,1510539
TATAMOTORS.BO,290.8500061035156,290.8500061035156,283.6499938964844,284.45001220703125,1243902
TATAMOTORS.BO,294.75,297.79998779296875,286.3500061035156,295.45001220703125,1739475
TATAMOTORS.BO,285.3999938964844,287.3999938964844,281.3999938964844,284.3999938964844,744770
TATAMOTORS.BO,294.0,303.5,293.6499938964844,298.79998779296875,1309761
TATAMOTORS.BO,324.79998779296875,327.0,316.0,317.95001220703125,2761697
TATAMOTORS.BO,387.0,398.0,380.0,382.95001220703125,4488906
TATAMOTORS.BO,494.70001220703125,494.8999938964844,473.3999938964844,479.75,1301053
TATAMOTORS.BO,503.20001220703125,520.5,503.20001220703125,509.75,3932791
TATAMOTORS.BO,499.6499938964844,502.0,485.79998779296875,488.70001220703125,847176
TATAMOTORS.BO,484.95001220703125,495.8500061035156,483.6000061035156,493.75,1772955
TATAMOTORS.BO,458.95001220703125,471.8999938964844,458.54998779296875,470.5,1553516
TATAMOTORS.BO,486.95001220703125,492.6000061035156,483.5,489.54998779296875,664939
TATAMOTORS.BO,510.3500061035156,522.0,504.95001220703125,520.75,1598778
TATAMOTORS.BO,509.0,514.3499755859375,502.8999938964844,504.6000061035156,1232577
TATAMOTORS.BO,497.45001220703125,502.75,491.5,493.1000061035156,967313
TATAMOTORS.BO,402.1000061035156,402.3500061035156,387.8999938964844,394.20001220703125,6447788
TATAMOTORS.BO,427.95001220703125,441.3999938964844,421.3500061035156,440.29998779296875,2424255
TATAMOTORS.BO,449.0,461.8999938964844,448.70001220703125,458.04998779296875,2457231
TATAMOTORS.BO,445.20001220703125,449.25,440.8999938964844,447.95001220703125,491814
TATAMOTORS.BO,408.5,408.5,394.75,403.8500061035156,1600695
TATAMOTORS.BO,421.1000061035156,431.1000061035156,419.70001220703125,421.6000061035156,693741
TATAMOTORS.BO,428.29998779296875,433.79998779296875,424.5,432.3500061035156,745310
TATAMOTORS.BO,390.1000061035156,392.95001220703125,376.70001220703125,382.75,1356242
TATAMOTORS.BO,411.6000061035156,415.0,404.79998779296875,408.3500061035156,386582
TATAMOTORS.BO,443.0,453.75,443.0,450.8999938964844,2862066
TATAMOTORS.BO,451.1000061035156,480.8999938964844,451.1000061035156,479.25,6640257
TATAMOTORS.BO,491.1000061035156,494.5,484.04998779296875,485.3999938964844,545795
TATAMOTORS.BO,464.0,474.3999938964844,462.29998779296875,466.75,512381
TATAMOTORS.BO,452.04998779296875,455.70001220703125,445.3500061035156,447.0,759432
TATAMOTORS.BO,409.3999938964844,413.3500061035156,399.5,402.29998779296875,693454
TATAMOTORS.BO,405.1499938964844,409.0,395.3500061035156,396.20001220703125,490498
TATAMOTORS.BO,413.5,416.1499938964844,411.3500061035156,412.6000061035156,438862
TATAMOTORS.BO,435.0,438.5,434.25,437.04998779296875,764416
TATAMOTORS.BO,432.8999938964844,437.8500061035156,429.54998779296875,433.04998779296875,402818
TATAMOTORS.BO,419.5,421.29998779296875,417.29998779296875,418.5,305690
TATAMOTORS.BO,392.0,397.20001220703125,388.25,394.1499938964844,1102815
TATASTEEL.BO,64.4000015258789,64.95500183105469,64.04499816894531,64.30999755859375,5625570
TATASTEEL.BO,71.0,72.1449966430664,69.80000305175781,70.55500030517578,9214140
TATASTEEL.BO,60.400001525878906,63.9900016784668,59.744998931884766,63.6150016784668,11979800
TATASTEEL.BO,68.79499816894531,68.79499816894531,66.95500183105469,67.18499755859375,4228060
TATASTEEL.BO,72.58999633789062,73.81500244140625,71.18000030517578,73.0199966430664,7645150
TATASTEEL.BO,74.0,74.05500030517578,71.94999694824219,72.40499877929688,5384750
TATASTEEL.BO,79.3550033569336,82.3499984741211,78.94499969482422,81.19499969482422,12519510
TATASTEEL.BO,90.4000015258789,91.41000366210938,88.6500015258789,88.95999908447266,7458380
TATASTEEL.BO,103.49500274658203,107.0,101.84500122070312,106.45500183105469,10524340
TATASTEEL.BO,117.19999694824219,119.62000274658203,115.70500183105469,117.94999694824219,11406120
TATASTEEL.BO,112.80000305175781,112.80000305175781,108.55000305175781,110.02999877929688,9399780
TATASTEEL.BO,117.0,118.63999938964844,116.05999755859375,117.44499969482422,5776660
TATASTEEL.BO,118.5999984741211,119.5,116.55000305175781,117.24500274658203,6750520
TATASTEEL.BO,123.80000305175781,124.3550033569336,122.37000274658203,122.88500213623047,3383720
TATASTEEL.BO,133.3800048828125,137.0,130.63499450683594,136.51499938964844,6028270
TATASTEEL.BO,139.0,143.0,138.41000366210938,142.64500427246094,7227060
TATASTEEL.BO,139.03500366210938,139.48500061035156,136.57000732421875,137.4499969482422,4903400
TATASTEEL.BO,142.47000122070312,145.17999267578125,142.19500732421875,144.74000549316406,2221860
TATASTEEL.BO,132.10000610351562,132.25,125.87999725341797,127.19000244140625,8553790
TATASTEEL.BO,130.39999389648438,134.39999389648438,129.6999969482422,130.09500122070312,7719270
TATASTEEL.BO,129.8000030517578,131.60000610351562,126.73500061035156,129.4499969482422,2588930
TATASTEEL.BO,134.6999969482422,136.0,132.88499450683594,133.55499267578125,1835590
TATASTEEL.BO,120.2699966430664,120.3499984741211,117.19999694824219,117.88500213623047,8063140
TATASTEEL.BO,116.33999633789062,117.66000366210938,114.9000015258789,117.33499908447266,7375070
TATASTEEL.BO,110.84500122070312,113.19999694824219,110.84500122070312,112.75,2668430
TATASTEEL.BO,114.5,118.05000305175781,114.08000183105469,117.7249984741211,4550290
TATASTEEL.BO,119.69999694824219,122.05999755859375,118.30999755859375,120.875,4878520
TATASTEEL.BO,115.19999694824219,118.19999694824219,114.58999633789062,116.56500244140625,4597850
TATASTEEL.BO,120.2699966430664,120.95500183105469,118.62999725341797,119.05000305175781,3446020
TATASTEEL.BO,130.3000030517578,132.0,127.3499984741211,127.73999786376953,7191840
TATASTEEL.BO,131.8000030517578,133.39999389648438,129.5050048828125,130.22500610351562,3501010
TATASTEEL.BO,131.7100067138672,135.38999938964844,131.60000610351562,133.94500732421875,3445480
TATASTEEL.BO,133.27000427246094,133.6750030517578,130.39999389648438,131.3699951171875,1890130
TATASTEEL.BO,128.1999969482422,131.65499877929688,127.68000030517578,128.4499969482422,6099550
TATASTEEL.BO,115.0,115.55999755859375,111.5199966430664,112.28500366210938,4149370
TATASTEEL.BO,106.80000305175781,108.45999908447266,105.9000015258789,108.125,3457330
TATASTEEL.BO,97.0,97.5,89.8499984741211,90.16999816894531,8784200
TATASTEEL.BO,88.4000015258789,89.45500183105469,86.42500305175781,86.69499969482422,2383210
TATASTEEL.BO,90.50499725341797,91.08999633789062,89.5,90.80999755859375,2984000
TATASTEEL.BO,98.0,102.05000305175781,97.4000015258789,100.3499984741211,8730002
TATASTEEL.BO,109.19999694824219,112.9000015258789,108.69999694824219,112.6500015258789,9455716
TATASTEEL.BO,101.19999694824219,105.6500015258789,101.19999694824219,104.8499984741211,5943071
TATASTEEL.BO,107.69999694824219,108.6500015258789,107.55000305175781,107.75,2080612
TATASTEEL.BO,101.0999984741211,101.30000305175781,96.55000305175781,97.5999984741211,8194478
TATASTEEL.BO,100.5,101.1500015258789,99.0,100.55000305175781,2423376
TATASTEEL.BO,102.05000305175781,104.6500015258789,102.05000305175781,104.19999694824219,3699848
TATASTEEL.BO,106.19999694824219,108.19999694824219,106.1500015258789,107.5,3403076
TATASTEEL.BO,105.55000305175781,106.5,105.0999984741211,106.19999694824219,1266476
TATASTEEL.BO,112.5999984741211,113.80000305175781,109.69999694824219,110.44999694824219,3226905
TATASTEEL.BO,105.80000305175781,106.5,101.9000015258789,102.19999694824219,2389781
TATAPOWER.BO,75.9000015258789,77.69999694824219,75.80000305175781,77.3499984741211,1672380
TATAPOWER.BO,86.4000015258789,87.94999694824219,84.3499984741211,85.5,3137579
TATAPOWER.BO,76.9000015258789,81.1500015258789,74.5,79.8499984741211,2544260
TATAPOWER.BO,88.19999694824219,88.9000015258789,86.3499984741211,86.6500015258789,1364364
TATAPOWER.BO,97.0,99.55000305175781,95.6500015258789,97.80000305175781,4133060
TATAPOWER.BO,112.1500015258789,112.4000015258789,109.1500015258789,109.6500015258789,4329946
TATAPOWER.BO,103.5,105.80000305175781,102.80000305175781,103.19999694824219,2071493
TATAPOWER.BO,95.19999694824219,97.94999694824219,94.05000305175781,97.1500015258789,2387053
TATAPOWER.BO,98.75,100.3499984741211,96.30000305175781,99.8499984741211,2283120
TATAPOWER.BO,104.69999694824219,107.3499984741211,104.69999694824219,105.3499984741211,2119058
TATAPOWER.BO,106.69999694824219,106.69999694824219,103.69999694824219,104.75,1399500
TATAPOWER.BO,124.9000015258789,125.6500015258789,121.75,122.0999984741211,4128810
TATAPOWER.BO,123.0,124.6500015258789,121.75,122.80000305175781,3899044
TATAPOWER.BO,124.30000305175781,125.30000305175781,122.94999694824219,124.0,1144183
TATAPOWER.BO,121.80000305175781,121.80000305175781,118.4000015258789,120.4000015258789,1633746
TATAPOWER.BO,130.25,131.64999389648438,126.55000305175781,129.5,1921382
TATAPOWER.BO,126.75,126.75,124.55000305175781,125.69999694824219,1732369
TATAPOWER.BO,133.3000030517578,134.3000030517578,131.75,132.75,1508235
TATAPOWER.BO,145.0,145.39999389648438,138.75,139.10000610351562,13584550
TATAPOWER.BO,181.1999969482422,181.1999969482422,175.0,176.89999389648438,4838164
TATAPOWER.BO,225.0,225.0,208.0,213.60000610351562,12059780
TATAPOWER.BO,237.10000610351562,248.0,234.6999969482422,242.0,11798130
TATAPOWER.BO,240.0,246.64999389648438,237.4499969482422,238.89999389648438,5303429
TATAPOWER.BO,228.35000610351562,230.8000030517578,227.0,229.35000610351562,2245675
TATAPOWER.BO,214.9499969482422,218.5500030517578,212.89999389648438,218.0,2361123
TATAPOWER.BO,226.3000030517578,226.64999389648438,223.0500030517578,223.5500030517578,1253469
TATAPOWER.BO,238.64999389648438,249.75,236.35000610351562,248.5,2745734
TATAPOWER.BO,250.85000610351562,254.3000030517578,249.3000030517578,252.85000610351562,3307431
TATAPOWER.BO,227.1999969482422,230.0,224.5500030517578,225.8000030517578,2443697
TATAPOWER.BO,214.35000610351562,219.60000610351562,212.25,216.25,3780800
TATAPOWER.BO,229.6999969482422,231.89999389648438,226.3000030517578,231.3000030517578,1535322
TATAPOWER.BO,253.8000030517578,275.20001220703125,252.3000030517578,273.6000061035156,8322318
TATAPOWER.BO,253.0,260.0,250.75,258.79998779296875,4167985
TATAPOWER.BO,235.35000610351562,236.75,223.0500030517578,229.89999389648438,6525894
TATAPOWER.BO,235.10000610351562,236.0,228.8000030517578,229.75,1829958
TATAPOWER.BO,231.0500030517578,233.60000610351562,227.5,232.3000030517578,1316518
TATAPOWER.BO,211.3000030517578,213.0500030517578,190.0,194.75,5265949
TATAPOWER.BO,207.35000610351562,212.5,207.35000610351562,211.5,775864
TATAPOWER.BO,226.75,228.85000610351562,225.4499969482422,227.8000030517578,2977442
TATAPOWER.BO,221.5,231.14999389648438,221.5,230.35000610351562,4090207
TATAPOWER.BO,238.0500030517578,241.6999969482422,236.5500030517578,237.1999969482422,2717855
TATAPOWER.BO,235.8000030517578,240.14999389648438,234.4499969482422,237.10000610351562,847729
TATAPOWER.BO,242.0,246.8000030517578,240.0,245.25,962944
TATAPOWER.BO,215.8000030517578,218.0,210.5,212.25,903927
TATAPOWER.BO,219.5,220.60000610351562,215.60000610351562,215.89999389648438,392853
TATAPOWER.BO,229.64999389648438,229.64999389648438,224.25,225.9499969482422,976283
TATAPOWER.BO,228.10000610351562,230.14999389648438,228.0,229.5,418489
TATAPOWER.BO,224.6999969482422,225.4499969482422,222.9499969482422,223.35000610351562,680910
TATAPOWER.BO,218.5,220.25,217.85000610351562,218.8000030517578,758055
TATAPOWER.BO,207.3000030517578,208.3000030517578,204.85000610351562,207.6999969482422,1330719
TATACHEM.BO,477.25,482.1499938964844,477.04998779296875,479.75,55499
TATACHEM.BO,543.0,543.0,521.4500122070312,533.9500122070312,233733
TATACHEM.BO,478.0,496.75,466.3999938964844,493.6499938964844,327620
TATACHEM.BO,565.0,584.0,555.8499755859375,568.6500244140625,417973
TATACHEM.BO,752.0,754.7999877929688,731.7000122070312,744.2000122070312,682619
TATACHEM.BO,789.0,789.0,770.7999877929688,777.0999755859375,129688
TATACHEM.BO,748.5,765.9000244140625,743.0999755859375,751.25,278787
TATACHEM.BO,754.7999877929688,773.0,745.7999877929688,753.7000122070312,217011
TATACHEM.BO,794.4500122070312,794.4500122070312,770.1500244140625,782.8499755859375,505375
TATACHEM.BO,707.1500244140625,721.4500122070312,707.1500244140625,713.9000244140625,207801
TATACHEM.BO,706.7000122070312,716.1500244140625,702.3499755859375,706.25,191078
TATACHEM.BO,740.0,753.5499877929688,738.5,744.1500244140625,114338
TATACHEM.BO,729.7000122070312,731.0,717.2000122070312,721.0499877929688,67575
TATACHEM.BO,784.9500122070312,785.0,772.4500122070312,782.6500244140625,83043
TATACHEM.BO,751.9000244140625,751.9000244140625,729.7999877929688,738.8499755859375,79979
TATACHEM.BO,854.0,862.8499755859375,836.2000122070312,859.9500122070312,243866
TATACHEM.BO,823.0,834.0999755859375,820.5,826.25,83798
TATACHEM.BO,830.3499755859375,834.0,821.5499877929688,829.1500244140625,75751
TATACHEM.BO,854.0,901.5499877929688,851.0,885.2000122070312,535953
TATACHEM.BO,965.0,978.2000122070312,954.9000244140625,965.75,192267
TATACHEM.BO,999.4500122070312,1001.7999877929688,953.3499755859375,979.5,159251
TATACHEM.BO,930.0,954.0,927.0,947.5,96566
TATACHEM.BO,922.9000244140625,923.6500244140625,897.0499877929688,900.6500244140625,101907
TATACHEM.BO,914.0,926.2000122070312,913.6500244140625,923.6500244140625,77182
TATACHEM.BO,864.0,885.0,859.5,882.5,73181
TATACHEM.BO,907.0,918.0,901.5499877929688,915.8499755859375,28653
TATACHEM.BO,998.0,1020.2000122070312,985.8499755859375,1011.1500244140625,73367
TATACHEM.BO,968.9500122070312,980.3499755859375,962.0,966.5499877929688,73454
TATACHEM.BO,890.3499755859375,902.6500244140625,884.0999755859375,886.75,55971
TATACHEM.BO,834.5999755859375,857.0,831.0,849.5999755859375,181423
TATACHEM.BO,932.1500244140625,959.9500122070312,926.2999877929688,954.7999877929688,87104
TATACHEM.BO,1003.0,1014.9000244140625,999.5999755859375,1003.4500122070312,54497
TATACHEM.BO,971.1500244140625,987.7999877929688,971.1500244140625,982.7999877929688,22373
TATACHEM.BO,1015.0,1025.0,998.7999877929688,1006.7999877929688,107567
TATACHEM.BO,998.5,998.5,967.9000244140625,969.6500244140625,42600
TATACHEM.BO,944.2999877929688,948.3499755859375,924.6500244140625,946.8499755859375,147574
TATACHEM.BO,841.0,847.7999877929688,781.0999755859375,792.4500122070312,104492
TATACHEM.BO,804.0,806.3499755859375,788.2000122070312,802.75,57052
TATACHEM.BO,859.0,863.0,855.5999755859375,859.0,23417
TATACHEM.BO,916.5999755859375,947.2000122070312,910.2000122070312,944.8499755859375,56175
TATACHEM.BO,1127.800048828125,1145.199951171875,1099.699951171875,1107.75,147369
TATACHEM.BO,1128.949951171875,1144.5,1120.300048828125,1138.449951171875,65273
TATACHEM.BO,1156.0,1176.4000244140625,1136.0999755859375,1170.050048828125,120641
TATACHEM.BO,1079.449951171875,1124.5,1071.9000244140625,1093.25,270744
TATACHEM.BO,1169.5999755859375,1176.550048828125,1141.0,1143.5999755859375,72377
TATACHEM.BO,1144.0,1149.0,1125.0,1132.5,149834
TATACHEM.BO,1070.0,1073.050048828125,1053.699951171875,1057.0999755859375,30541
TATACHEM.BO,1038.9000244140625,1044.699951171875,1025.199951171875,1028.8499755859375,49638
TATACHEM.BO,1037.8499755859375,1045.0,1032.0,1033.5999755859375,40793
TATACHEM.BO,914.8499755859375,923.3499755859375,909.5999755859375,918.5999755859375,84642
TATAELXSI.BO,1840.0,1874.8499755859375,1838.0,1865.6500244140625,15775
TATAELXSI.BO,2458.0,2529.0,2285.0,2367.64990234375,149922
TATAELXSI.BO,2720.0,3015.550048828125,2701.0,2954.75,144498
TATAELXSI.BO,2855.0,2907.60009765625,2824.0,2858.300048828125,24127
TATAELXSI.BO,2696.699951171875,2708.199951171875,2602.64990234375,2622.10009765625,22864
TATAELXSI.BO,2747.89990234375,2822.25,2717.0,2764.25,32299
TATAELXSI.BO,2690.64990234375,2754.35009765625,2668.050048828125,2693.39990234375,21744
TATAELXSI.BO,2948.949951171875,3072.25,2935.0,2962.800048828125,20046
TATAELXSI.BO,3480.10009765625,3555.699951171875,3400.0,3533.89990234375,17958
TATAELXSI.BO,3630.199951171875,3711.0,3630.199951171875,3664.300048828125,16294
TATAELXSI.BO,3689.89990234375,3689.89990234375,3596.0,3611.449951171875,5736
TATAELXSI.BO,3839.800048828125,3840.0,3785.0,3799.300048828125,5396
TATAELXSI.BO,3845.0,4020.0,3833.14990234375,4001.550048828125,30242
TATAELXSI.BO,4338.0,4383.0,4293.5498046875,4306.0,8529
TATAELXSI.BO,4190.0,4220.85009765625,4155.0,4181.14990234375,6150
TATAELXSI.BO,4260.0,4260.0,4112.0,4194.75,10819
TATAELXSI.BO,4849.9501953125,4919.10009765625,4811.85009765625,4860.14990234375,13231
TATAELXSI.BO,4919.0,4954.9501953125,4851.7998046875,4926.0,7620
TATAELXSI.BO,5790.0,5972.64990234375,5752.64990234375,5864.35009765625,23381
TATAELXSI.BO,6430.0,6430.0,6200.0,6231.35009765625,30386
TATAELXSI.BO,6065.0,6123.4501953125,5719.64990234375,5800.35009765625,48363
TATAELXSI.BO,6200.0,6285.0,6187.25,6262.35009765625,10289
TATAELXSI.BO,6200.0,6244.7001953125,5992.5498046875,6006.9501953125,6777
TATAELXSI.BO,5994.0,6023.5498046875,5875.0,5889.7001953125,17859
TATAELXSI.BO,5523.0,5549.85009765625,5458.0,5481.89990234375,10986
TATAELXSI.BO,6088.0,6088.0,5886.89990234375,5966.5,5215
TATAELXSI.BO,6510.0,7171.14990234375,6370.5,6980.64990234375,130270
TATAELXSI.BO,7540.0,7540.0,7260.0,7295.64990234375,16045
TATAELXSI.BO,6938.0,7031.4501953125,6854.4501953125,6981.25,6651
TATAELXSI.BO,6650.0,6650.0,6465.7001953125,6548.35009765625,18312
TATAELXSI.BO,7400.0,7560.39990234375,7315.0,7509.2001953125,12464
TATAELXSI.BO,9100.0,9100.0,8853.0,8881.150390625,25268
TATAELXSI.BO,7990.0,8190.9501953125,7832.0,7904.2998046875,84235
TATAELXSI.BO,7485.0,7485.0,7149.75,7226.5,31592
TATAELXSI.BO,8420.0,8580.0,8412.2001953125,8544.150390625,23753
TATAELXSI.BO,8448.0,8756.5,8323.5,8694.099609375,32032
TATAELXSI.BO,7787.0,7812.35009765625,7200.0,7260.85009765625,56259
TATAELXSI.BO,8161.0,8233.0498046875,8052.0,8082.89990234375,7753
TATAELXSI.BO,8109.0,8185.0,8065.0,8099.10009765625,52465
TATAELXSI.BO,8739.9501953125,8825.0,8660.0,8718.9501953125,50604
TATAELXSI.BO,10643.900390625,10760.400390625,10483.25,10687.349609375,23686
TATAELXSI.BO,9048.0,9074.7998046875,8845.0,9012.099609375,16752
TATAELXSI.BO,8980.0,9084.5498046875,8870.0,8882.5498046875,18824
TATAELXSI.BO,8480.0,8554.0,8337.0498046875,8427.9501953125,7379
TATAELXSI.BO,8471.2998046875,8570.0,8415.0,8455.849609375,16547
TATAELXSI.BO,6885.64990234375,7093.2001953125,6885.64990234375,6997.64990234375,39679
TATAELXSI.BO,6990.0498046875,7047.4501953125,6964.0,6998.89990234375,9406
TATAELXSI.BO,6810.0,6830.0,6772.89990234375,6780.64990234375,5419
TATAELXSI.BO,6725.0,6730.0,6625.0,6633.0498046875,21295
TATAELXSI.BO,6374.2001953125,6494.0,6311.0498046875,6431.35009765625,56673
TITAN.BO,1560.6500244140625,1572.800048828125,1555.550048828125,1558.5999755859375,37246
TITAN.BO,1494.0,1509.5,1471.8499755859375,1476.25,86913
TITAN.BO,1421.050048828125,1507.9000244140625,1421.050048828125,1502.0,110037
TITAN.BO,1509.4000244140625,1518.6500244140625,1476.699951171875,1483.9000244140625,361566
TITAN.BO,1438.0,1465.5,1416.75,1452.75,146866
TITAN.BO,1509.0,1531.5,1495.6500244140625,1500.3499755859375,282607
TITAN.BO,1551.0,1566.949951171875,1537.0999755859375,1557.4000244140625,85102
TITAN.BO,1533.949951171875,1559.0,1530.4000244140625,1549.949951171875,45437
TITAN.BO,1475.0,1477.8499755859375,1416.5999755859375,1423.5999755859375,183007
TITAN.BO,1475.800048828125,1545.800048828125,1475.800048828125,1539.6500244140625,138989
TITAN.BO,1605.0,1612.0,1588.5,1591.5,36594
TITAN.BO,1744.0,1748.0,1718.8499755859375,1723.5,274079
TITAN.BO,1732.0,1746.0,1721.6500244140625,1731.75,54321
TITAN.BO,1724.0,1733.4000244140625,1718.300048828125,1722.75,60125
TITAN.BO,1729.050048828125,1748.5999755859375,1714.3499755859375,1720.6500244140625,82545
TITAN.BO,1800.0,1815.0,1773.0999755859375,1789.4000244140625,44494
TITAN.BO,1827.800048828125,1834.0999755859375,1805.75,1815.75,67874
TITAN.BO,2049.0,2058.75,2022.449951171875,2033.8499755859375,58762
TITAN.BO,2108.800048828125,2110.0,2085.64990234375,2092.199951171875,25957
TITAN.BO,2429.0,2429.0,2351.85009765625,2357.550048828125,88375
TITAN.BO,2420.0,2420.0,2340.449951171875,2380.64990234375,31574
TITAN.BO,2526.0,2544.10009765625,2484.949951171875,2511.85009765625,74826
TITAN.BO,2400.0,2404.89990234375,2367.0,2376.199951171875,25233
TITAN.BO,2399.0,2417.75,2377.89990234375,2405.10009765625,79348
TITAN.BO,2305.0,2305.800048828125,2284.699951171875,2300.39990234375,10650
TITAN.BO,2578.0,2610.0,2560.0,2576.39990234375,26820
TITAN.BO,2587.0,2616.949951171875,2573.35009765625,2589.60009765625,31725
TITAN.BO,2484.0,2505.0,2417.199951171875,2475.449951171875,176812
TITAN.BO,2472.0,2498.800048828125,2461.0,2487.550048828125,21154
TITAN.BO,2415.35009765625,2419.60009765625,2320.949951171875,2389.75,119752
TITAN.BO,2717.0,2718.0,2647.0,2712.800048828125,29475
TITAN.BO,2535.0,2576.89990234375,2521.449951171875,2547.949951171875,47507
TITAN.BO,2483.550048828125,2524.449951171875,2466.050048828125,2520.60009765625,50987
TITAN.BO,2200.0,2213.14990234375,2171.0,2182.60009765625,27271
TITAN.BO,2164.949951171875,2200.0,2138.0,2149.85009765625,38923
TITAN.BO,2220.0,2220.0,2167.60009765625,2199.300048828125,22574
TITAN.BO,1944.4000244140625,1973.550048828125,1906.0,1962.3499755859375,55336
TITAN.BO,1954.75,1966.199951171875,1928.5,1962.3499755859375,22029
TITAN.BO,2190.0,2246.89990234375,2190.0,2236.85009765625,518292
TITAN.BO,2348.449951171875,2380.0,2339.5,2376.64990234375,531468
TITAN.BO,2493.64990234375,2523.39990234375,2480.85009765625,2492.14990234375,23905
TITAN.BO,2602.64990234375,2646.949951171875,2566.199951171875,2623.0,40272
TITAN.BO,2710.0,2716.550048828125,2648.0,2656.5,25431
TITAN.BO,2585.449951171875,2606.35009765625,2518.449951171875,2531.85009765625,29735
TITAN.BO,2628.050048828125,2663.0,2610.0,2617.800048828125,64997
TITAN.BO,2750.0,2790.0,2737.550048828125,2753.050048828125,112691
TITAN.BO,2648.0,2667.550048828125,2621.199951171875,2657.050048828125,45436
TITAN.BO,2593.0,2640.0,2593.0,2614.75,59130
TITAN.BO,2608.75,2608.75,2564.60009765625,2574.85009765625,16514
TITAN.BO,2503.050048828125,2520.0,2489.10009765625,2503.64990234375,37904
TATACOMM.BO,1100.0,1100.0,1080.800048828125,1094.699951171875,2968
TATACOMM.BO,1075.050048828125,1110.0,1075.050048828125,1096.5,19782
TATACOMM.BO,1005.5,1005.5,951.0999755859375,984.0999755859375,13196
TATACOMM.BO,1010.5999755859375,1025.0,990.2000122070312,994.9500122070312,13568
TATACOMM.BO,1080.0,1123.5999755859375,1077.0999755859375,1114.800048828125,27381
TATACOMM.BO,1206.300048828125,1252.949951171875,1202.0,1213.0,219922
TATACOMM.BO,1086.0,1105.0999755859375,1021.5999755859375,1062.550048828125,15129
TATACOMM.BO,1108.0999755859375,1128.9000244140625,1105.0,1108.199951171875,13617
TATACOMM.BO,1100.050048828125,1116.449951171875,1092.0,1104.75,9197
TATACOMM.BO,1085.0,1085.0,1067.4000244140625,1069.5999755859375,16261
TATACOMM.BO,1085.0,1134.0,1075.0,1123.4000244140625,38608
TATACOMM.BO,1341.25,1347.800048828125,1313.0,1325.6500244140625,44887
TATACOMM.BO,1296.0,1306.0,1277.9000244140625,1287.199951171875,13730
TATACOMM.BO,1355.5999755859375,1366.050048828125,1346.449951171875,1360.0,11360
TATACOMM.BO,1361.8499755859375,1488.0,1328.0,1424.449951171875,108454
TATACOMM.BO,1403.0,1422.949951171875,1341.0,1389.050048828125,22127
TATACOMM.BO,1405.9000244140625,1417.0,1386.25,1391.75,11452
TATACOMM.BO,1373.1500244140625,1376.050048828125,1355.050048828125,1357.5999755859375,6742
TATACOMM.BO,1466.1500244140625,1466.1500244140625,1416.9000244140625,1432.3499755859375,1015370
TATACOMM.BO,1470.699951171875,1478.800048828125,1448.300048828125,1458.800048828125,6549
TATACOMM.BO,1420.0,1420.0999755859375,1325.25,1335.8499755859375,16579
TATACOMM.BO,1281.5999755859375,1294.0999755859375,1262.5,1269.199951171875,13643
TATACOMM.BO,1247.0,1260.8499755859375,1233.199951171875,1240.199951171875,5600
TATACOMM.BO,1360.0,1373.050048828125,1345.550048828125,1360.199951171875,50355
TATACOMM.BO,1375.0,1399.800048828125,1342.5999755859375,1396.3499755859375,33414
TATACOMM.BO,1423.0,1542.0,1401.0,1504.75,93582
TATACOMM.BO,1481.9000244140625,1540.0,1412.9000244140625,1522.449951171875,61844
TATACOMM.BO,1324.699951171875,1327.949951171875,1292.0999755859375,1303.25,19625
TATACOMM.BO,1226.1500244140625,1250.550048828125,1226.1500244140625,1234.9000244140625,13164
TATACOMM.BO,1111.0,1141.949951171875,1084.5,1130.199951171875,38190
TATACOMM.BO,1145.0,1153.449951171875,1122.300048828125,1142.6500244140625,28044
TATACOMM.BO,1241.0,1260.3499755859375,1228.0999755859375,1240.949951171875,46582
TATACOMM.BO,1325.0,1325.1500244140625,1277.800048828125,1281.4000244140625,47023
TATACOMM.BO,1036.25,1042.0,1009.0,1022.7000122070312,31963
TATACOMM.BO,998.0,998.0,967.4500122070312,972.4500122070312,20510
TATACOMM.BO,950.0,958.8499755859375,935.2000122070312,942.0499877929688,17836
TATACOMM.BO,883.7999877929688,883.7999877929688,858.2999877929688,870.1500244140625,40196
TATACOMM.BO,945.0,951.2000122070312,925.0,948.4500122070312,13501
TATACOMM.BO,994.0,1028.0,988.5999755859375,1011.9000244140625,37376
TATACOMM.BO,1055.0,1060.0,1037.8499755859375,1049.0999755859375,26560
TATACOMM.BO,1090.0,1094.3499755859375,1075.0,1076.050048828125,22365
TATACOMM.BO,1190.0,1270.25,1187.550048828125,1257.6500244140625,79760
TATACOMM.BO,1248.949951171875,1252.0,1231.0999755859375,1239.1500244140625,13833
TATACOMM.BO,1129.3499755859375,1148.0,1109.8499755859375,1121.300048828125,18906
TATACOMM.BO,1182.699951171875,1192.0,1158.5999755859375,1164.0999755859375,13822
TATACOMM.BO,1240.0,1267.0,1240.0,1258.949951171875,28829
TATACOMM.BO,1301.550048828125,1335.3499755859375,1301.550048828125,1333.449951171875,9572
TATACOMM.BO,1311.199951171875,1318.25,1270.6500244140625,1274.449951171875,16129
TATACOMM.BO,1286.9000244140625,1386.5,1282.3499755859375,1367.25,136414
TATACOMM.BO,1245.199951171875,1285.0,1245.199951171875,1271.550048828125,29195
